{
  "r2": {
    "solar_power": 0.9987823367118835,
    "wind_power": 0.9980474710464478
  },
  "mae": {
    "solar_power": 0.006314611528068781,
    "wind_power": 0.0016409873496741056
  },
  "rmse": {
    "solar_power": 0.010197154946599693,
    "wind_power": 0.0029895619650783497
  },
  "smape": {
    "solar_power": 90.78938961029053,
    "wind_power": 18.104560673236847
  },
  "avg_r2": 0.9984149038791656,
  "avg_mae": 0.003977799438871443,
  "avg_rmse": 0.006593358455839022,
  "avg_smape": 54.44697514176369,
  "session": 29,
  "train_start": 1270200,
  "train_end": 1314000,
  "test_start": 1314000,
  "test_end": 1357800
}