{
  "r2": {
    "solar_power": 0.9978285431861877,
    "wind_power": 0.9961899518966675
  },
  "mae": {
    "solar_power": 0.007179113570600748,
    "wind_power": 0.0028878850862383842
  },
  "rmse": {
    "solar_power": 0.011654160491982198,
    "wind_power": 0.005501937648009086
  },
  "smape": {
    "solar_power": 121.4970588684082,
    "wind_power": 30.08294105529785
  },
  "avg_r2": 0.9970092475414276,
  "avg_mae": 0.005033499328419566,
  "avg_rmse": 0.008578049069995642,
  "avg_smape": 75.78999996185303,
  "session": 33,
  "train_start": 1445400,
  "train_end": 1489200,
  "test_start": 1489200,
  "test_end": 1533000
}