{
  "r2": {
    "solar_power": 0.9968797564506531,
    "wind_power": 0.9820763468742371
  },
  "mae": {
    "solar_power": 0.007710475008934736,
    "wind_power": 0.0047045014798641205
  },
  "rmse": {
    "solar_power": 0.012953514430187893,
    "wind_power": 0.009097656705211588
  },
  "smape": {
    "solar_power": 122.89390563964844,
    "wind_power": 41.60878360271454
  },
  "avg_r2": 0.9894780516624451,
  "avg_mae": 0.006207488244399428,
  "avg_rmse": 0.01102558556769974,
  "avg_smape": 82.25134462118149,
  "session": 21,
  "train_start": 919800,
  "train_end": 963600,
  "test_start": 963600,
  "test_end": 1007400,
  "training_time_seconds": 22.237197100010235,
  "inference_time_seconds": 13.43703769997228
}