{
  "r2": {
    "solar_power": 0.9968789219856262,
    "wind_power": 0.981969952583313
  },
  "mae": {
    "solar_power": 0.007820761762559414,
    "wind_power": 0.00466944882646203
  },
  "rmse": {
    "solar_power": 0.012955233672365776,
    "wind_power": 0.009124611929967196
  },
  "smape": {
    "solar_power": 122.89055585861206,
    "wind_power": 41.05035364627838
  },
  "avg_r2": 0.9894244372844696,
  "avg_mae": 0.006245105294510722,
  "avg_rmse": 0.011039922801166486,
  "avg_smape": 81.97045475244522,
  "session": 21,
  "train_start": 919800,
  "train_end": 963600,
  "test_start": 963600,
  "test_end": 1007400
}