{
  "r2": {
    "solar_power": 0.9933205842971802,
    "wind_power": 0.9738739728927612
  },
  "mae": {
    "solar_power": 0.012870409525930882,
    "wind_power": 0.004826643504202366
  },
  "rmse": {
    "solar_power": 0.021287531097697952,
    "wind_power": 0.014567766980335697
  },
  "smape": {
    "solar_power": 116.2077784538269,
    "wind_power": 47.663816809654236
  },
  "avg_r2": 0.9835972785949707,
  "avg_mae": 0.008848526515066624,
  "avg_rmse": 0.017927649039016825,
  "avg_smape": 81.93579763174057,
  "session": 8,
  "train_start": 350400,
  "train_end": 394200,
  "test_start": 394200,
  "test_end": 438000,
  "training_time_seconds": 18.330382800020743,
  "inference_time_seconds": 0.32662940002046525
}