{
  "r2": {
    "solar_power": 0.9920184016227722,
    "wind_power": 0.9428985118865967
  },
  "mae": {
    "solar_power": 0.012028596363961697,
    "wind_power": 0.0059028808027505875
  },
  "rmse": {
    "solar_power": 0.023270324947482816,
    "wind_power": 0.02153675713371724
  },
  "smape": {
    "solar_power": 115.83154201507568,
    "wind_power": 45.897841453552246
  },
  "avg_r2": 0.9674584567546844,
  "avg_mae": 0.008965738583356142,
  "avg_rmse": 0.02240354104060003,
  "avg_smape": 80.86469173431396,
  "session": 8,
  "train_start": 350400,
  "train_end": 394200,
  "test_start": 394200,
  "test_end": 438000,
  "training_time_seconds": 21.97921740001766,
  "inference_time_seconds": 12.609560999961104
}