{
  "r2": {
    "solar_power": 0.991363525390625,
    "wind_power": 0.9359859228134155
  },
  "mae": {
    "solar_power": 0.012198975309729576,
    "wind_power": 0.005966857075691223
  },
  "rmse": {
    "solar_power": 0.024206073052350906,
    "wind_power": 0.0228031243672808
  },
  "smape": {
    "solar_power": 115.89982509613037,
    "wind_power": 40.69739282131195
  },
  "avg_r2": 0.9636747241020203,
  "avg_mae": 0.0090829161927104,
  "avg_rmse": 0.023504598709815853,
  "avg_smape": 78.29860895872116,
  "session": 8,
  "train_start": 350400,
  "train_end": 394200,
  "test_start": 394200,
  "test_end": 438000
}