{
  "r2": {
    "solar_power": 0.9987349510192871,
    "wind_power": 0.9971306324005127
  },
  "mae": {
    "solar_power": 0.003344639902934432,
    "wind_power": 0.0019312375225126743
  },
  "rmse": {
    "solar_power": 0.0070743861625897735,
    "wind_power": 0.0032463377705729862
  },
  "smape": {
    "solar_power": 126.27078294754028,
    "wind_power": 21.291571855545044
  },
  "avg_r2": 0.9979327917098999,
  "avg_mae": 0.002637938712723553,
  "avg_rmse": 0.00516036196658138,
  "avg_smape": 73.78117740154266,
  "session": 22,
  "train_start": 963600,
  "train_end": 1007400,
  "test_start": 1007400,
  "test_end": 1051200
}