{
  "r2": {
    "solar_power": 0.9840747117996216,
    "wind_power": 0.9942626953125
  },
  "mae": {
    "solar_power": 0.024017563089728355,
    "wind_power": 0.002552063437178731
  },
  "rmse": {
    "solar_power": 0.03629465362143009,
    "wind_power": 0.004269497345933621
  },
  "smape": {
    "solar_power": 111.13134622573853,
    "wind_power": 33.94741415977478
  },
  "avg_r2": 0.9891687035560608,
  "avg_mae": 0.013284813263453543,
  "avg_rmse": 0.020282075483681855,
  "avg_smape": 72.53938019275665,
  "session": 7,
  "train_start": 306600,
  "train_end": 350400,
  "test_start": 350400,
  "test_end": 394200
}