{
  "r2": {
    "solar_power": 0.9841402173042297,
    "wind_power": 0.9942027926445007
  },
  "mae": {
    "solar_power": 0.023817460983991623,
    "wind_power": 0.0024708937853574753
  },
  "rmse": {
    "solar_power": 0.0362199493004755,
    "wind_power": 0.004291729392815099
  },
  "smape": {
    "solar_power": 111.00889444351196,
    "wind_power": 31.97585940361023
  },
  "avg_r2": 0.9891715049743652,
  "avg_mae": 0.013144177384674549,
  "avg_rmse": 0.0202558393466453,
  "avg_smape": 71.4923769235611,
  "session": 7,
  "train_start": 306600,
  "train_end": 350400,
  "test_start": 350400,
  "test_end": 394200,
  "training_time_seconds": 22.100330999994185,
  "inference_time_seconds": 12.520757799968123
}