{
  "r2": {
    "solar_power": 0.9970283508300781,
    "wind_power": 0.9805029630661011
  },
  "mae": {
    "solar_power": 0.007514328695833683,
    "wind_power": 0.005399650428444147
  },
  "rmse": {
    "solar_power": 0.012641225852886488,
    "wind_power": 0.009488558923757022
  },
  "smape": {
    "solar_power": 123.54563474655151,
    "wind_power": 49.13086295127869
  },
  "avg_r2": 0.9887656569480896,
  "avg_mae": 0.006456989562138915,
  "avg_rmse": 0.011064892388321755,
  "avg_smape": 86.3382488489151,
  "session": 21,
  "train_start": 919800,
  "train_end": 963600,
  "test_start": 963600,
  "test_end": 1007400,
  "training_time_seconds": 22.193966299993917,
  "inference_time_seconds": 12.547724100004416
}