{
  "r2": {
    "solar_power": 0.9970197081565857,
    "wind_power": 0.9800694584846497
  },
  "mae": {
    "solar_power": 0.007578039076179266,
    "wind_power": 0.005403588991612196
  },
  "rmse": {
    "solar_power": 0.012659580811953,
    "wind_power": 0.009593471795096972
  },
  "smape": {
    "solar_power": 123.60290288925171,
    "wind_power": 48.552653193473816
  },
  "avg_r2": 0.9885445833206177,
  "avg_mae": 0.006490814033895731,
  "avg_rmse": 0.011126526303524986,
  "avg_smape": 86.07777804136276,
  "session": 21,
  "train_start": 919800,
  "train_end": 963600,
  "test_start": 963600,
  "test_end": 1007400
}