{
  "r2": {
    "solar_power": 0.9983608722686768,
    "wind_power": 0.9883946776390076
  },
  "mae": {
    "solar_power": 0.00702360225841403,
    "wind_power": 0.003196213161572814
  },
  "rmse": {
    "solar_power": 0.010862837253879298,
    "wind_power": 0.005732172905459982
  },
  "smape": {
    "solar_power": 90.66580533981323,
    "wind_power": 28.62997055053711
  },
  "avg_r2": 0.9933777749538422,
  "avg_mae": 0.005109907709993422,
  "avg_rmse": 0.008297505079669639,
  "avg_smape": 59.64788794517517,
  "session": 5,
  "train_start": 219000,
  "train_end": 262800,
  "test_start": 262800,
  "test_end": 306600
}