{
  "r2": {
    "solar_power": 0.9940117597579956,
    "wind_power": 0.9949349164962769
  },
  "mae": {
    "solar_power": 0.012915248982608318,
    "wind_power": 0.0029006076510995626
  },
  "rmse": {
    "solar_power": 0.021536867944641238,
    "wind_power": 0.004797207237392137
  },
  "smape": {
    "solar_power": 101.97937488555908,
    "wind_power": 47.42620885372162
  },
  "avg_r2": 0.9944733381271362,
  "avg_mae": 0.00790792831685394,
  "avg_rmse": 0.013167037591016686,
  "avg_smape": 74.70279186964035,
  "session": 30,
  "train_start": 1314000,
  "train_end": 1357800,
  "test_start": 1357800,
  "test_end": 1401600,
  "training_time_seconds": 18.367445200041402,
  "inference_time_seconds": 0.2647086000069976
}