{
  "r2": {
    "solar_power": 0.9921111464500427,
    "wind_power": 0.9966027140617371
  },
  "mae": {
    "solar_power": 0.014557966031134129,
    "wind_power": 0.002274923725053668
  },
  "rmse": {
    "solar_power": 0.02429547955769715,
    "wind_power": 0.003969798071667055
  },
  "smape": {
    "solar_power": 112.398362159729,
    "wind_power": 21.6264009475708
  },
  "avg_r2": 0.9943569302558899,
  "avg_mae": 0.008416444878093898,
  "avg_rmse": 0.014132638814682102,
  "avg_smape": 67.0123815536499,
  "session": 13,
  "train_start": 569400,
  "train_end": 613200,
  "test_start": 613200,
  "test_end": 657000,
  "training_time_seconds": 22.365068999992218,
  "inference_time_seconds": 13.022441000037361
}