{
  "r2": {
    "solar_power": 0.9921046495437622,
    "wind_power": 0.9963974952697754
  },
  "mae": {
    "solar_power": 0.014547969214618206,
    "wind_power": 0.0023704010527580976
  },
  "rmse": {
    "solar_power": 0.02430553035070138,
    "wind_power": 0.004087952072327728
  },
  "smape": {
    "solar_power": 112.43500709533691,
    "wind_power": 22.548410296440125
  },
  "avg_r2": 0.9942510724067688,
  "avg_mae": 0.008459185133688152,
  "avg_rmse": 0.014196741211514555,
  "avg_smape": 67.49170869588852,
  "session": 13,
  "train_start": 569400,
  "train_end": 613200,
  "test_start": 613200,
  "test_end": 657000
}