{
  "r2": {
    "solar_power": 0.997787594795227,
    "wind_power": 0.9928632974624634
  },
  "mae": {
    "solar_power": 0.008718197233974934,
    "wind_power": 0.00359378382563591
  },
  "rmse": {
    "solar_power": 0.013437709029610926,
    "wind_power": 0.005830783176361872
  },
  "smape": {
    "solar_power": 93.19266080856323,
    "wind_power": 54.443639516830444
  },
  "avg_r2": 0.9953254461288452,
  "avg_mae": 0.006155990529805422,
  "avg_rmse": 0.0096342461029864,
  "avg_smape": 73.81815016269684,
  "session": 27,
  "train_start": 1182600,
  "train_end": 1226400,
  "test_start": 1226400,
  "test_end": 1270200,
  "training_time_seconds": 18.47656179999467,
  "inference_time_seconds": 0.25362789997598156
}