{
  "r2": {
    "solar_power": 0.9968789219856262,
    "wind_power": 0.9945455193519592
  },
  "mae": {
    "solar_power": 0.010701886378228664,
    "wind_power": 0.003355627879500389
  },
  "rmse": {
    "solar_power": 0.01596049642350195,
    "wind_power": 0.005097493151897891
  },
  "smape": {
    "solar_power": 93.70798468589783,
    "wind_power": 34.95146334171295
  },
  "avg_r2": 0.9957122206687927,
  "avg_mae": 0.007028757128864527,
  "avg_rmse": 0.01052899478769992,
  "avg_smape": 64.32972401380539,
  "session": 27,
  "train_start": 1182600,
  "train_end": 1226400,
  "test_start": 1226400,
  "test_end": 1270200,
  "training_time_seconds": 22.276134399988223,
  "inference_time_seconds": 13.114560200017877
}