{
  "r2": {
    "solar_power": 0.9969310760498047,
    "wind_power": 0.9946284294128418
  },
  "mae": {
    "solar_power": 0.010581009089946747,
    "wind_power": 0.003310065483674407
  },
  "rmse": {
    "solar_power": 0.01582660568276654,
    "wind_power": 0.005058584700844654
  },
  "smape": {
    "solar_power": 93.75572800636292,
    "wind_power": 33.92912447452545
  },
  "avg_r2": 0.9957797527313232,
  "avg_mae": 0.006945537286810577,
  "avg_rmse": 0.010442595191805596,
  "avg_smape": 63.84242624044418,
  "session": 27,
  "train_start": 1182600,
  "train_end": 1226400,
  "test_start": 1226400,
  "test_end": 1270200
}