{
  "r2": {
    "solar_power": 0.9975433349609375,
    "wind_power": 0.9949948191642761
  },
  "mae": {
    "solar_power": 0.007121926173567772,
    "wind_power": 0.0039660451002418995
  },
  "rmse": {
    "solar_power": 0.012396005945701019,
    "wind_power": 0.0063061053447471
  },
  "smape": {
    "solar_power": 121.60646915435791,
    "wind_power": 44.039586186409
  },
  "avg_r2": 0.9962690770626068,
  "avg_mae": 0.005543985636904836,
  "avg_rmse": 0.009351055645224059,
  "avg_smape": 82.82302767038345,
  "session": 33,
  "train_start": 1445400,
  "train_end": 1489200,
  "test_start": 1489200,
  "test_end": 1533000,
  "training_time_seconds": 18.28461720002815,
  "inference_time_seconds": 0.2552468999638222
}