{
  "r2": {
    "solar_power": 0.9988065958023071,
    "wind_power": 0.988596498966217
  },
  "mae": {
    "solar_power": 0.00431847246363759,
    "wind_power": 0.004540436901152134
  },
  "rmse": {
    "solar_power": 0.006871156407597698,
    "wind_power": 0.006471697995031304
  },
  "smape": {
    "solar_power": 126.33649110794067,
    "wind_power": 52.357929944992065
  },
  "avg_r2": 0.9937015473842621,
  "avg_mae": 0.004429454682394862,
  "avg_rmse": 0.0066714272013145,
  "avg_smape": 89.34721052646637,
  "session": 22,
  "train_start": 963600,
  "train_end": 1007400,
  "test_start": 1007400,
  "test_end": 1051200
}