{
  "r2": {
    "solar_power": 0.998802125453949,
    "wind_power": 0.9887145757675171
  },
  "mae": {
    "solar_power": 0.004300970118492842,
    "wind_power": 0.004564335569739342
  },
  "rmse": {
    "solar_power": 0.006883869605314309,
    "wind_power": 0.00643810465007356
  },
  "smape": {
    "solar_power": 126.35897397994995,
    "wind_power": 53.10611128807068
  },
  "avg_r2": 0.993758350610733,
  "avg_mae": 0.004432652844116092,
  "avg_rmse": 0.006660987127693935,
  "avg_smape": 89.73254263401031,
  "session": 22,
  "train_start": 963600,
  "train_end": 1007400,
  "test_start": 1007400,
  "test_end": 1051200,
  "training_time_seconds": 22.259150800004136,
  "inference_time_seconds": 12.702180099964608
}