{
  "r2": {
    "solar_power": 0.9963826537132263,
    "wind_power": 0.9967765808105469
  },
  "mae": {
    "solar_power": 0.010664566420018673,
    "wind_power": 0.0021029426716268063
  },
  "rmse": {
    "solar_power": 0.01739565864861224,
    "wind_power": 0.003287885531787657
  },
  "smape": {
    "solar_power": 99.42606091499329,
    "wind_power": 33.718469738960266
  },
  "avg_r2": 0.9965796172618866,
  "avg_mae": 0.00638375454582274,
  "avg_rmse": 0.010341772090199949,
  "avg_smape": 66.57226532697678,
  "session": 18,
  "train_start": 788400,
  "train_end": 832200,
  "test_start": 832200,
  "test_end": 876000,
  "training_time_seconds": 22.20904350001365,
  "inference_time_seconds": 12.974093199998606
}