{
  "r2": {
    "solar_power": 0.996324896812439,
    "wind_power": 0.9969617128372192
  },
  "mae": {
    "solar_power": 0.01070578582584858,
    "wind_power": 0.0020463308319449425
  },
  "rmse": {
    "solar_power": 0.01753395544645436,
    "wind_power": 0.003192073163076972
  },
  "smape": {
    "solar_power": 99.43832159042358,
    "wind_power": 34.02392566204071
  },
  "avg_r2": 0.9966433048248291,
  "avg_mae": 0.006376058328896761,
  "avg_rmse": 0.010363014304765666,
  "avg_smape": 66.73112362623215,
  "session": 18,
  "train_start": 788400,
  "train_end": 832200,
  "test_start": 832200,
  "test_end": 876000
}