{
  "r2": {
    "solar_power": 0.9897401928901672,
    "wind_power": 0.9920654892921448
  },
  "mae": {
    "solar_power": 0.014368089847266674,
    "wind_power": 0.005064689554274082
  },
  "rmse": {
    "solar_power": 0.025340196388067265,
    "wind_power": 0.006437327349576102
  },
  "smape": {
    "solar_power": 111.49909496307373,
    "wind_power": 42.452824115753174
  },
  "avg_r2": 0.990902841091156,
  "avg_mae": 0.009716389700770378,
  "avg_rmse": 0.015888761868821683,
  "avg_smape": 76.97595953941345,
  "session": 25,
  "train_start": 1095000,
  "train_end": 1138800,
  "test_start": 1138800,
  "test_end": 1182600
}