{
  "r2": {
    "solar_power": 0.9897332191467285,
    "wind_power": 0.9919540286064148
  },
  "mae": {
    "solar_power": 0.014422910287976265,
    "wind_power": 0.005145477596670389
  },
  "rmse": {
    "solar_power": 0.02534874800530866,
    "wind_power": 0.00648238943539172
  },
  "smape": {
    "solar_power": 111.52541637420654,
    "wind_power": 43.391814827919006
  },
  "avg_r2": 0.9908436238765717,
  "avg_mae": 0.009784193942323327,
  "avg_rmse": 0.01591556872035019,
  "avg_smape": 77.45861560106277,
  "session": 25,
  "train_start": 1095000,
  "train_end": 1138800,
  "test_start": 1138800,
  "test_end": 1182600,
  "training_time_seconds": 22.32397539995145,
  "inference_time_seconds": 13.138564799970482
}