{
  "r2": {
    "solar_power": 0.9935824871063232,
    "wind_power": 0.9839264750480652
  },
  "mae": {
    "solar_power": 0.01252102293074131,
    "wind_power": 0.0050347354263067245
  },
  "rmse": {
    "solar_power": 0.022521080991880528,
    "wind_power": 0.014338792956983086
  },
  "smape": {
    "solar_power": 115.29901027679443,
    "wind_power": 23.50608855485916
  },
  "avg_r2": 0.9887544810771942,
  "avg_mae": 0.008777879178524017,
  "avg_rmse": 0.018429936974431807,
  "avg_smape": 69.4025494158268,
  "session": 20,
  "train_start": 876000,
  "train_end": 919800,
  "test_start": 919800,
  "test_end": 963600
}