{
  "r2": {
    "solar_power": 0.9993079304695129,
    "wind_power": 0.9951107501983643
  },
  "mae": {
    "solar_power": 0.004214040003716946,
    "wind_power": 0.002853059908375144
  },
  "rmse": {
    "solar_power": 0.007319461499432493,
    "wind_power": 0.0037853659464414007
  },
  "smape": {
    "solar_power": 89.9457335472107,
    "wind_power": 44.23167407512665
  },
  "avg_r2": 0.9972093403339386,
  "avg_mae": 0.003533549956046045,
  "avg_rmse": 0.005552413722936947,
  "avg_smape": 67.08870381116867,
  "session": 16,
  "train_start": 700800,
  "train_end": 744600,
  "test_start": 744600,
  "test_end": 788400
}