{
  "r2": {
    "solar_power": 0.9992964863777161,
    "wind_power": 0.9952132701873779
  },
  "mae": {
    "solar_power": 0.004261256195604801,
    "wind_power": 0.0028506279923021793
  },
  "rmse": {
    "solar_power": 0.007379567354993923,
    "wind_power": 0.003745477172927947
  },
  "smape": {
    "solar_power": 89.97692465782166,
    "wind_power": 44.97094452381134
  },
  "avg_r2": 0.997254878282547,
  "avg_mae": 0.0035559420939534903,
  "avg_rmse": 0.005562522263960935,
  "avg_smape": 67.4739345908165,
  "session": 16,
  "train_start": 700800,
  "train_end": 744600,
  "test_start": 744600,
  "test_end": 788400,
  "training_time_seconds": 22.310424000024796,
  "inference_time_seconds": 13.004976800002623
}