{
  "r2": {
    "solar_power": 0.9986331462860107,
    "wind_power": 0.9776707291603088
  },
  "mae": {
    "solar_power": 0.00706597650423646,
    "wind_power": 0.007304109632968903
  },
  "rmse": {
    "solar_power": 0.010412401189661172,
    "wind_power": 0.012877799308525032
  },
  "smape": {
    "solar_power": 91.34753942489624,
    "wind_power": 36.520200967788696
  },
  "avg_r2": 0.9881519377231598,
  "avg_mae": 0.007185043068602681,
  "avg_rmse": 0.011645100249093102,
  "avg_smape": 63.93387019634247,
  "session": 28,
  "train_start": 1226400,
  "train_end": 1270200,
  "test_start": 1270200,
  "test_end": 1314000,
  "training_time_seconds": 22.05698020005366,
  "inference_time_seconds": 12.706028800050262
}