{
  "r2": {
    "solar_power": 0.9986276030540466,
    "wind_power": 0.9773392081260681
  },
  "mae": {
    "solar_power": 0.007094606291502714,
    "wind_power": 0.007415625732392073
  },
  "rmse": {
    "solar_power": 0.01043359452349911,
    "wind_power": 0.0129730518271635
  },
  "smape": {
    "solar_power": 91.37356877326965,
    "wind_power": 38.32990825176239
  },
  "avg_r2": 0.9879834055900574,
  "avg_mae": 0.007255116011947393,
  "avg_rmse": 0.011703323175331305,
  "avg_smape": 64.85173851251602,
  "session": 28,
  "train_start": 1226400,
  "train_end": 1270200,
  "test_start": 1270200,
  "test_end": 1314000
}