{
  "r2": {
    "solar_power": 0.9972802996635437,
    "wind_power": 0.996613621711731
  },
  "mae": {
    "solar_power": 0.008907598443329334,
    "wind_power": 0.002540740417316556
  },
  "rmse": {
    "solar_power": 0.014514256886897017,
    "wind_power": 0.003922520545957931
  },
  "smape": {
    "solar_power": 98.96261692047119,
    "wind_power": 30.61627447605133
  },
  "avg_r2": 0.9969469606876373,
  "avg_mae": 0.005724169430322945,
  "avg_rmse": 0.009218388716427474,
  "avg_smape": 64.78944569826126,
  "session": 30,
  "train_start": 1314000,
  "train_end": 1357800,
  "test_start": 1357800,
  "test_end": 1401600
}