{
  "r2": {
    "solar_power": 0.9972776770591736,
    "wind_power": 0.9965574741363525
  },
  "mae": {
    "solar_power": 0.008950755000114441,
    "wind_power": 0.0025729164481163025
  },
  "rmse": {
    "solar_power": 0.01452125481393296,
    "wind_power": 0.003954883135739723
  },
  "smape": {
    "solar_power": 98.97729158401489,
    "wind_power": 30.135521292686462
  },
  "avg_r2": 0.9969175755977631,
  "avg_mae": 0.005761835724115372,
  "avg_rmse": 0.009238068974836342,
  "avg_smape": 64.55640643835068,
  "session": 30,
  "train_start": 1314000,
  "train_end": 1357800,
  "test_start": 1357800,
  "test_end": 1401600,
  "training_time_seconds": 22.09962659998564,
  "inference_time_seconds": 12.960253000026569
}