{
  "r2": {
    "solar_power": 0.9980259537696838,
    "wind_power": 0.982967734336853
  },
  "mae": {
    "solar_power": 0.005596255883574486,
    "wind_power": 0.004348985850811005
  },
  "rmse": {
    "solar_power": 0.010038609423158871,
    "wind_power": 0.009016407595240736
  },
  "smape": {
    "solar_power": 126.32274627685547,
    "wind_power": 43.497857451438904
  },
  "avg_r2": 0.9904968440532684,
  "avg_mae": 0.004972620867192745,
  "avg_rmse": 0.009527508509199804,
  "avg_smape": 84.91030186414719,
  "session": 10,
  "train_start": 438000,
  "train_end": 481800,
  "test_start": 481800,
  "test_end": 525600,
  "training_time_seconds": 22.34100189997116,
  "inference_time_seconds": 13.089766099990811
}