{
  "r2": {
    "solar_power": 0.9980099201202393,
    "wind_power": 0.9835691452026367
  },
  "mae": {
    "solar_power": 0.005617691203951836,
    "wind_power": 0.004353939555585384
  },
  "rmse": {
    "solar_power": 0.010079254590260576,
    "wind_power": 0.008855791562241281
  },
  "smape": {
    "solar_power": 126.339852809906,
    "wind_power": 44.83707547187805
  },
  "avg_r2": 0.990789532661438,
  "avg_mae": 0.00498581537976861,
  "avg_rmse": 0.009467523076250928,
  "avg_smape": 85.58846414089203,
  "session": 10,
  "train_start": 438000,
  "train_end": 481800,
  "test_start": 481800,
  "test_end": 525600
}