{
  "r2": {
    "solar_power": 0.9953839182853699,
    "wind_power": 0.9688475131988525
  },
  "mae": {
    "solar_power": 0.009420431219041348,
    "wind_power": 0.006861600559204817
  },
  "rmse": {
    "solar_power": 0.016248025822961143,
    "wind_power": 0.017534040098874906
  },
  "smape": {
    "solar_power": 122.9651927947998,
    "wind_power": 28.643375635147095
  },
  "avg_r2": 0.9821157157421112,
  "avg_mae": 0.008141015889123082,
  "avg_rmse": 0.016891032960918026,
  "avg_smape": 75.80428421497345,
  "session": 9,
  "train_start": 394200,
  "train_end": 438000,
  "test_start": 438000,
  "test_end": 481800,
  "training_time_seconds": 18.33812879998004,
  "inference_time_seconds": 0.25550699996529147
}