{
  "r2": {
    "solar_power": 0.9905780553817749,
    "wind_power": 0.9932725429534912
  },
  "mae": {
    "solar_power": 0.01671198196709156,
    "wind_power": 0.003428049385547638
  },
  "rmse": {
    "solar_power": 0.025184743442418833,
    "wind_power": 0.005095734162522133
  },
  "smape": {
    "solar_power": 106.19421005249023,
    "wind_power": 32.00971782207489
  },
  "avg_r2": 0.9919252991676331,
  "avg_mae": 0.0100700156763196,
  "avg_rmse": 0.015140238802470483,
  "avg_smape": 69.10196393728256,
  "session": 26,
  "train_start": 1138800,
  "train_end": 1182600,
  "test_start": 1182600,
  "test_end": 1226400
}