{
  "r2": {
    "solar_power": 0.9906030297279358,
    "wind_power": 0.9931738376617432
  },
  "mae": {
    "solar_power": 0.01674238033592701,
    "wind_power": 0.0034298368263989687
  },
  "rmse": {
    "solar_power": 0.025151295109169556,
    "wind_power": 0.005132974270739187
  },
  "smape": {
    "solar_power": 106.1089038848877,
    "wind_power": 30.656516551971436
  },
  "avg_r2": 0.9918884336948395,
  "avg_mae": 0.01008610858116299,
  "avg_rmse": 0.015142134689954371,
  "avg_smape": 68.38271021842957,
  "session": 26,
  "train_start": 1138800,
  "train_end": 1182600,
  "test_start": 1182600,
  "test_end": 1226400,
  "training_time_seconds": 22.348016900010407,
  "inference_time_seconds": 12.883568499993999
}