{
  "r2": {
    "solar_power": 0.9965016841888428,
    "wind_power": 0.9922552704811096
  },
  "mae": {
    "solar_power": 0.010727153159677982,
    "wind_power": 0.003148200223222375
  },
  "rmse": {
    "solar_power": 0.015869610119256843,
    "wind_power": 0.0046826780186481785
  },
  "smape": {
    "solar_power": 92.38823652267456,
    "wind_power": 40.67513048648834
  },
  "avg_r2": 0.9943784773349762,
  "avg_mae": 0.006937676691450179,
  "avg_rmse": 0.010276144068952511,
  "avg_smape": 66.53168350458145,
  "session": 5,
  "train_start": 219000,
  "train_end": 262800,
  "test_start": 262800,
  "test_end": 306600,
  "training_time_seconds": 22.245292100007646,
  "inference_time_seconds": 13.015688199957367
}