{
  "r2": {
    "solar_power": 0.9965630769729614,
    "wind_power": 0.9921928644180298
  },
  "mae": {
    "solar_power": 0.010627114214003086,
    "wind_power": 0.0031309889163821936
  },
  "rmse": {
    "solar_power": 0.015729744014061072,
    "wind_power": 0.004701495991235755
  },
  "smape": {
    "solar_power": 92.32122898101807,
    "wind_power": 39.93403613567352
  },
  "avg_r2": 0.9943779706954956,
  "avg_mae": 0.00687905156519264,
  "avg_rmse": 0.010215620002648414,
  "avg_smape": 66.1276325583458,
  "session": 5,
  "train_start": 219000,
  "train_end": 262800,
  "test_start": 262800,
  "test_end": 306600
}