{
  "r2": {
    "solar_power": 0.9994155764579773,
    "wind_power": 0.9970755577087402
  },
  "mae": {
    "solar_power": 0.0037829293869435787,
    "wind_power": 0.0017193573294207454
  },
  "rmse": {
    "solar_power": 0.006917867247172995,
    "wind_power": 0.0030106906081507874
  },
  "smape": {
    "solar_power": 89.76026773452759,
    "wind_power": 21.577541530132294
  },
  "avg_r2": 0.9982455670833588,
  "avg_mae": 0.002751143358182162,
  "avg_rmse": 0.004964278927661891,
  "avg_smape": 55.66890463232994,
  "session": 17,
  "train_start": 744600,
  "train_end": 788400,
  "test_start": 788400,
  "test_end": 832200
}