{
  "r2": {
    "solar_power": 0.9982385635375977,
    "wind_power": 0.9660037159919739
  },
  "mae": {
    "solar_power": 0.005516067147254944,
    "wind_power": 0.0066821700893342495
  },
  "rmse": {
    "solar_power": 0.009482643412011644,
    "wind_power": 0.012738349757175535
  },
  "smape": {
    "solar_power": 127.4463415145874,
    "wind_power": 53.603917360305786
  },
  "avg_r2": 0.9821211397647858,
  "avg_mae": 0.006099118618294597,
  "avg_rmse": 0.01111049658459359,
  "avg_smape": 90.5251294374466,
  "session": 10,
  "train_start": 438000,
  "train_end": 481800,
  "test_start": 481800,
  "test_end": 525600,
  "training_time_seconds": 21.950073799991515,
  "inference_time_seconds": 12.807569199998397
}