{
  "r2": {
    "solar_power": 0.9982801079750061,
    "wind_power": 0.9660621881484985
  },
  "mae": {
    "solar_power": 0.005431378725916147,
    "wind_power": 0.006657927297055721
  },
  "rmse": {
    "solar_power": 0.00937005899405287,
    "wind_power": 0.012727390852247934
  },
  "smape": {
    "solar_power": 127.3267388343811,
    "wind_power": 53.451091051101685
  },
  "avg_r2": 0.9821711480617523,
  "avg_mae": 0.006044653011485934,
  "avg_rmse": 0.011048724923150403,
  "avg_smape": 90.3889149427414,
  "session": 10,
  "train_start": 438000,
  "train_end": 481800,
  "test_start": 481800,
  "test_end": 525600
}