{
  "r2": {
    "solar_power": 0.9988632798194885,
    "wind_power": 0.982875645160675
  },
  "mae": {
    "solar_power": 0.003784087486565113,
    "wind_power": 0.0038467133417725563
  },
  "rmse": {
    "solar_power": 0.007617708077202412,
    "wind_power": 0.00904075204032778
  },
  "smape": {
    "solar_power": 126.42877101898193,
    "wind_power": 31.038179993629456
  },
  "avg_r2": 0.9908694624900818,
  "avg_mae": 0.0038154004141688347,
  "avg_rmse": 0.008329230058765097,
  "avg_smape": 78.7334755063057,
  "session": 10,
  "train_start": 438000,
  "train_end": 481800,
  "test_start": 481800,
  "test_end": 525600
}