{
  "r2": {
    "solar_power": 0.9920552968978882,
    "wind_power": 0.9422851800918579
  },
  "mae": {
    "solar_power": 0.015559625811874866,
    "wind_power": 0.012406210415065289
  },
  "rmse": {
    "solar_power": 0.025057907485335883,
    "wind_power": 0.027170704468027655
  },
  "smape": {
    "solar_power": 116.28437042236328,
    "wind_power": 109.85720157623291
  },
  "avg_r2": 0.967170238494873,
  "avg_mae": 0.013982918113470078,
  "avg_rmse": 0.026114305976681768,
  "avg_smape": 113.0707859992981,
  "session": 20,
  "train_start": 876000,
  "train_end": 919800,
  "test_start": 919800,
  "test_end": 963600
}