{
  "r2": {
    "solar_power": 0.9920986890792847,
    "wind_power": 0.9410857558250427
  },
  "mae": {
    "solar_power": 0.015462817624211311,
    "wind_power": 0.012438619509339333
  },
  "rmse": {
    "solar_power": 0.02498934544826661,
    "wind_power": 0.027451587804128774
  },
  "smape": {
    "solar_power": 116.27185344696045,
    "wind_power": 109.78950262069702
  },
  "avg_r2": 0.9665922224521637,
  "avg_mae": 0.013950718566775322,
  "avg_rmse": 0.026220466626197692,
  "avg_smape": 113.03067803382874,
  "session": 20,
  "train_start": 876000,
  "train_end": 919800,
  "test_start": 919800,
  "test_end": 963600,
  "training_time_seconds": 21.93003669998143,
  "inference_time_seconds": 12.440734700008761
}