{
  "r2": {
    "solar_power": 0.9968793392181396,
    "wind_power": 0.9851581454277039
  },
  "mae": {
    "solar_power": 0.009902889840304852,
    "wind_power": 0.004253489896655083
  },
  "rmse": {
    "solar_power": 0.014988496051328579,
    "wind_power": 0.006482389996601238
  },
  "smape": {
    "solar_power": 93.94806623458862,
    "wind_power": 44.74912881851196
  },
  "avg_r2": 0.9910187423229218,
  "avg_mae": 0.007078189868479967,
  "avg_rmse": 0.010735443023964909,
  "avg_smape": 69.3485975265503,
  "session": 5,
  "train_start": 219000,
  "train_end": 262800,
  "test_start": 262800,
  "test_end": 306600
}