{
  "r2": {
    "solar_power": 0.9968613982200623,
    "wind_power": 0.9847798943519592
  },
  "mae": {
    "solar_power": 0.009933601133525372,
    "wind_power": 0.004343001171946526
  },
  "rmse": {
    "solar_power": 0.015031565656998211,
    "wind_power": 0.00656447000325447
  },
  "smape": {
    "solar_power": 93.84706616401672,
    "wind_power": 46.34355902671814
  },
  "avg_r2": 0.9908206462860107,
  "avg_mae": 0.0071383011527359486,
  "avg_rmse": 0.010798017830126341,
  "avg_smape": 70.09531259536743,
  "session": 5,
  "train_start": 219000,
  "train_end": 262800,
  "test_start": 262800,
  "test_end": 306600,
  "training_time_seconds": 22.189916700008325,
  "inference_time_seconds": 12.573139900050592
}