{
  "r2": {
    "solar_power": 0.9922375679016113,
    "wind_power": 0.9934976100921631
  },
  "mae": {
    "solar_power": 0.01321735791862011,
    "wind_power": 0.0026438029017299414
  },
  "rmse": {
    "solar_power": 0.0231727571336397,
    "wind_power": 0.003686826708063505
  },
  "smape": {
    "solar_power": 106.91072940826416,
    "wind_power": 43.04090142250061
  },
  "avg_r2": 0.9928675889968872,
  "avg_mae": 0.007930580410175025,
  "avg_rmse": 0.013429791920851602,
  "avg_smape": 74.97581541538239,
  "session": 31,
  "train_start": 1357800,
  "train_end": 1401600,
  "test_start": 1401600,
  "test_end": 1445400
}