{
  "r2": {
    "solar_power": 0.9979053139686584,
    "wind_power": 0.9921975135803223
  },
  "mae": {
    "solar_power": 0.008001827634871006,
    "wind_power": 0.0025808836799114943
  },
  "rmse": {
    "solar_power": 0.012279969106395592,
    "wind_power": 0.004700109151877354
  },
  "smape": {
    "solar_power": 91.31155610084534,
    "wind_power": 20.367324352264404
  },
  "avg_r2": 0.9950514137744904,
  "avg_mae": 0.00529135565739125,
  "avg_rmse": 0.008490039129136474,
  "avg_smape": 55.83944022655487,
  "session": 5,
  "train_start": 219000,
  "train_end": 262800,
  "test_start": 262800,
  "test_end": 306600,
  "training_time_seconds": 18.365931099979207,
  "inference_time_seconds": 0.2513178999652155
}