{
  "r2": {
    "solar_power": 0.9877328276634216,
    "wind_power": 0.9923884272575378
  },
  "mae": {
    "solar_power": 0.01735878176987171,
    "wind_power": 0.0030798602383583784
  },
  "rmse": {
    "solar_power": 0.030092376654994216,
    "wind_power": 0.005488170234696024
  },
  "smape": {
    "solar_power": 108.15490484237671,
    "wind_power": 26.67977809906006
  },
  "avg_r2": 0.9900606274604797,
  "avg_mae": 0.010219321004115045,
  "avg_rmse": 0.01779027344484512,
  "avg_smape": 67.41734147071838,
  "session": 19,
  "train_start": 832200,
  "train_end": 876000,
  "test_start": 876000,
  "test_end": 919800,
  "training_time_seconds": 18.406397900020238,
  "inference_time_seconds": 0.2549968999810517
}