{
  "r2": {
    "solar_power": 0.9930446743965149,
    "wind_power": 0.9951364994049072
  },
  "mae": {
    "solar_power": 0.014624134637415409,
    "wind_power": 0.0020963524002581835
  },
  "rmse": {
    "solar_power": 0.02398603501151276,
    "wind_power": 0.003930928229923668
  },
  "smape": {
    "solar_power": 106.60797357559204,
    "wind_power": 24.34336245059967
  },
  "avg_r2": 0.9940905869007111,
  "avg_mae": 0.008360243518836796,
  "avg_rmse": 0.013958481620718213,
  "avg_smape": 65.47566801309586,
  "session": 7,
  "train_start": 306600,
  "train_end": 350400,
  "test_start": 350400,
  "test_end": 394200,
  "training_time_seconds": 18.377937800018117,
  "inference_time_seconds": 0.25182020000647753
}