{
  "r2": {
    "solar_power": 0.9881179928779602,
    "wind_power": 0.9750421643257141
  },
  "mae": {
    "solar_power": 0.011295723728835583,
    "wind_power": 0.0043048132210969925
  },
  "rmse": {
    "solar_power": 0.028392378396476323,
    "wind_power": 0.014238361504280168
  },
  "smape": {
    "solar_power": 115.82571268081665,
    "wind_power": 31.054571270942688
  },
  "avg_r2": 0.9815800786018372,
  "avg_mae": 0.007800268474966288,
  "avg_rmse": 0.021315369950378246,
  "avg_smape": 73.44014197587967,
  "session": 8,
  "train_start": 350400,
  "train_end": 394200,
  "test_start": 394200,
  "test_end": 438000
}