{
  "r2": {
    "solar_power": 0.9982625246047974,
    "wind_power": 0.981799840927124
  },
  "mae": {
    "solar_power": 0.005651726387441158,
    "wind_power": 0.0055156550370156765
  },
  "rmse": {
    "solar_power": 0.00829073836609437,
    "wind_power": 0.008175914823772138
  },
  "smape": {
    "solar_power": 126.69785022735596,
    "wind_power": 41.33166968822479
  },
  "avg_r2": 0.9900311827659607,
  "avg_mae": 0.005583690712228417,
  "avg_rmse": 0.008233326594933255,
  "avg_smape": 84.01475995779037,
  "session": 22,
  "train_start": 963600,
  "train_end": 1007400,
  "test_start": 1007400,
  "test_end": 1051200
}