{
  "r2": {
    "solar_power": 0.9982727766036987,
    "wind_power": 0.9816548824310303
  },
  "mae": {
    "solar_power": 0.005599627271294594,
    "wind_power": 0.005585049744695425
  },
  "rmse": {
    "solar_power": 0.008266130343546957,
    "wind_power": 0.008208408190642493
  },
  "smape": {
    "solar_power": 126.76572799682617,
    "wind_power": 42.25672483444214
  },
  "avg_r2": 0.9899638295173645,
  "avg_mae": 0.005592338507995009,
  "avg_rmse": 0.008237269267094725,
  "avg_smape": 84.51122641563416,
  "session": 22,
  "train_start": 963600,
  "train_end": 1007400,
  "test_start": 1007400,
  "test_end": 1051200,
  "training_time_seconds": 22.05369550001342,
  "inference_time_seconds": 12.612227600009646
}