{
  "r2": {
    "solar_power": 0.9995611906051636,
    "wind_power": 0.9973649382591248
  },
  "mae": {
    "solar_power": 0.004072224255651236,
    "wind_power": 0.0022858758457005024
  },
  "rmse": {
    "solar_power": 0.0060890589809458025,
    "wind_power": 0.0034898500764191866
  },
  "smape": {
    "solar_power": 92.65282154083252,
    "wind_power": 70.59528231620789
  },
  "avg_r2": 0.9984630644321442,
  "avg_mae": 0.003179050050675869,
  "avg_rmse": 0.004789454528682495,
  "avg_smape": 81.6240519285202,
  "session": 4,
  "train_start": 175200,
  "train_end": 219000,
  "test_start": 219000,
  "test_end": 262800
}