{
  "r2": {
    "solar_power": 0.9943504929542542,
    "wind_power": 0.9968810081481934
  },
  "mae": {
    "solar_power": 0.011613348498940468,
    "wind_power": 0.0023211431689560413
  },
  "rmse": {
    "solar_power": 0.020560027815234305,
    "wind_power": 0.0038037463598245506
  },
  "smape": {
    "solar_power": 110.50587892532349,
    "wind_power": 18.19009780883789
  },
  "avg_r2": 0.9956157505512238,
  "avg_mae": 0.006967245833948255,
  "avg_rmse": 0.012181887087529427,
  "avg_smape": 64.34798836708069,
  "session": 13,
  "train_start": 569400,
  "train_end": 613200,
  "test_start": 613200,
  "test_end": 657000
}