{
  "r2": {
    "solar_power": 0.9952905774116516,
    "wind_power": 0.9508846998214722
  },
  "mae": {
    "solar_power": 0.01165966596454382,
    "wind_power": 0.01019318774342537
  },
  "rmse": {
    "solar_power": 0.01806120217608143,
    "wind_power": 0.015457836316789103
  },
  "smape": {
    "solar_power": 96.0864782333374,
    "wind_power": 41.145387291908264
  },
  "avg_r2": 0.9730876386165619,
  "avg_mae": 0.010926426853984594,
  "avg_rmse": 0.016759519246435265,
  "avg_smape": 68.61593276262283,
  "session": 3,
  "train_start": 131400,
  "train_end": 175200,
  "test_start": 175200,
  "test_end": 219000
}