{
  "r2": {
    "solar_power": 0.9952695965766907,
    "wind_power": 0.951781153678894
  },
  "mae": {
    "solar_power": 0.011622847057878971,
    "wind_power": 0.010096542537212372
  },
  "rmse": {
    "solar_power": 0.01810143432244585,
    "wind_power": 0.01531611973401008
  },
  "smape": {
    "solar_power": 95.9315836429596,
    "wind_power": 40.95095992088318
  },
  "avg_r2": 0.9735253751277924,
  "avg_mae": 0.010859694797545671,
  "avg_rmse": 0.016708777028227966,
  "avg_smape": 68.44127178192139,
  "session": 3,
  "train_start": 131400,
  "train_end": 175200,
  "test_start": 175200,
  "test_end": 219000,
  "training_time_seconds": 21.83171850000508,
  "inference_time_seconds": 12.760198600008152
}