{
  "r2": {
    "solar_power": 0.9960253238677979,
    "wind_power": 0.9707728624343872
  },
  "mae": {
    "solar_power": 0.011270026676356792,
    "wind_power": 0.00861799530684948
  },
  "rmse": {
    "solar_power": 0.01737204590626891,
    "wind_power": 0.012013912872795908
  },
  "smape": {
    "solar_power": 116.53324365615845,
    "wind_power": 60.78839302062988
  },
  "avg_r2": 0.9833990931510925,
  "avg_mae": 0.009944010991603136,
  "avg_rmse": 0.014692979389532408,
  "avg_smape": 88.66081833839417,
  "session": 0,
  "train_start": 0,
  "train_end": 43800,
  "test_start": 43800,
  "test_end": 87600,
  "training_time_seconds": 22.111376199987717,
  "inference_time_seconds": 16.43788979999954
}