{
  "r2": {
    "solar_power": 0.9961371421813965,
    "wind_power": 0.9698286652565002
  },
  "mae": {
    "solar_power": 0.011013668961822987,
    "wind_power": 0.008842460811138153
  },
  "rmse": {
    "solar_power": 0.017125937119970534,
    "wind_power": 0.012206422671406574
  },
  "smape": {
    "solar_power": 116.50779247283936,
    "wind_power": 61.92218065261841
  },
  "avg_r2": 0.9829829037189484,
  "avg_mae": 0.00992806488648057,
  "avg_rmse": 0.014666179895688554,
  "avg_smape": 89.21498656272888,
  "session": 0,
  "train_start": 0,
  "train_end": 43800,
  "test_start": 43800,
  "test_end": 87600
}