{
  "r2": {
    "solar_power": 0.9983168244361877,
    "wind_power": 0.9945654273033142
  },
  "mae": {
    "solar_power": 0.004345549736171961,
    "wind_power": 0.0034513717982918024
  },
  "rmse": {
    "solar_power": 0.008160174237572022,
    "wind_power": 0.004467669510870322
  },
  "smape": {
    "solar_power": 126.75213813781738,
    "wind_power": 66.28801226615906
  },
  "avg_r2": 0.996441125869751,
  "avg_mae": 0.0038984607672318816,
  "avg_rmse": 0.006313921874221172,
  "avg_smape": 96.52007520198822,
  "session": 22,
  "train_start": 963600,
  "train_end": 1007400,
  "test_start": 1007400,
  "test_end": 1051200
}