{
  "r2": {
    "solar_power": 0.9945812225341797,
    "wind_power": 0.9828132390975952
  },
  "mae": {
    "solar_power": 0.00896639283746481,
    "wind_power": 0.009996308013796806
  },
  "rmse": {
    "solar_power": 0.016881028054570955,
    "wind_power": 0.014913302213354433
  },
  "smape": {
    "solar_power": 121.29082679748535,
    "wind_power": 34.72134470939636
  },
  "avg_r2": 0.9886972308158875,
  "avg_mae": 0.009481350425630808,
  "avg_rmse": 0.015897165133962693,
  "avg_smape": 78.00608575344086,
  "session": 12,
  "train_start": 525600,
  "train_end": 569400,
  "test_start": 569400,
  "test_end": 613200,
  "training_time_seconds": 22.072582699998748,
  "inference_time_seconds": 12.821616500033997
}