{
  "r2": {
    "solar_power": 0.9945837259292603,
    "wind_power": 0.9830576181411743
  },
  "mae": {
    "solar_power": 0.008963353931903839,
    "wind_power": 0.00990542396903038
  },
  "rmse": {
    "solar_power": 0.016877155381544603,
    "wind_power": 0.014806891291630951
  },
  "smape": {
    "solar_power": 121.17321491241455,
    "wind_power": 34.0798556804657
  },
  "avg_r2": 0.9888206720352173,
  "avg_mae": 0.00943438895046711,
  "avg_rmse": 0.015842023336587775,
  "avg_smape": 77.62653529644012,
  "session": 12,
  "train_start": 525600,
  "train_end": 569400,
  "test_start": 569400,
  "test_end": 613200
}