{
  "r2": {
    "solar_power": 0.9905480742454529,
    "wind_power": 0.9953790903091431
  },
  "mae": {
    "solar_power": 0.01505705900490284,
    "wind_power": 0.0027265367098152637
  },
  "rmse": {
    "solar_power": 0.025224740978389452,
    "wind_power": 0.004223236638366499
  },
  "smape": {
    "solar_power": 104.26043272018433,
    "wind_power": 24.02200996875763
  },
  "avg_r2": 0.992963582277298,
  "avg_mae": 0.008891797857359052,
  "avg_rmse": 0.014723988808377976,
  "avg_smape": 64.14122134447098,
  "session": 26,
  "train_start": 1138800,
  "train_end": 1182600,
  "test_start": 1182600,
  "test_end": 1226400,
  "training_time_seconds": 18.35422009998001,
  "inference_time_seconds": 0.25091939995763823
}