{
  "r2": {
    "solar_power": 0.9972459077835083,
    "wind_power": 0.9968519806861877
  },
  "mae": {
    "solar_power": 0.009892609901726246,
    "wind_power": 0.0018533087568357587
  },
  "rmse": {
    "solar_power": 0.015178703428885179,
    "wind_power": 0.0032492075840204987
  },
  "smape": {
    "solar_power": 100.85263252258301,
    "wind_power": 33.589357137680054
  },
  "avg_r2": 0.997048944234848,
  "avg_mae": 0.005872959329281002,
  "avg_rmse": 0.009213955506452839,
  "avg_smape": 67.22099483013153,
  "session": 18,
  "train_start": 788400,
  "train_end": 832200,
  "test_start": 832200,
  "test_end": 876000
}