{
  "r2": {
    "solar_power": 0.9972428679466248,
    "wind_power": 0.9967177510261536
  },
  "mae": {
    "solar_power": 0.009939144365489483,
    "wind_power": 0.0017172867665067315
  },
  "rmse": {
    "solar_power": 0.01518703613230842,
    "wind_power": 0.003317738921216649
  },
  "smape": {
    "solar_power": 99.0052342414856,
    "wind_power": 17.58602261543274
  },
  "avg_r2": 0.9969803094863892,
  "avg_mae": 0.005828215565998107,
  "avg_rmse": 0.009252387526762535,
  "avg_smape": 58.29562842845917,
  "session": 18,
  "train_start": 788400,
  "train_end": 832200,
  "test_start": 832200,
  "test_end": 876000
}