{
  "r2": {
    "solar_power": 0.9987097382545471,
    "wind_power": 0.9899709820747375
  },
  "mae": {
    "solar_power": 0.004301015287637711,
    "wind_power": 0.003982400521636009
  },
  "rmse": {
    "solar_power": 0.008630178653751354,
    "wind_power": 0.0065391761504358355
  },
  "smape": {
    "solar_power": 122.78480529785156,
    "wind_power": 65.3037965297699
  },
  "avg_r2": 0.9943403601646423,
  "avg_mae": 0.00414170790463686,
  "avg_rmse": 0.007584677402093594,
  "avg_smape": 94.04430091381073,
  "session": 23,
  "train_start": 1007400,
  "train_end": 1051200,
  "test_start": 1051200,
  "test_end": 1095000
}