{
  "r2": {
    "solar_power": 0.9899217486381531,
    "wind_power": 0.9894188642501831
  },
  "mae": {
    "solar_power": 0.015368475578725338,
    "wind_power": 0.0029731332324445248
  },
  "rmse": {
    "solar_power": 0.02640402282790184,
    "wind_power": 0.00470308953872895
  },
  "smape": {
    "solar_power": 107.24033117294312,
    "wind_power": 96.27156257629395
  },
  "avg_r2": 0.9896703064441681,
  "avg_mae": 0.009170804405584931,
  "avg_rmse": 0.015553556183315395,
  "avg_smape": 101.75594687461853,
  "session": 31,
  "train_start": 1357800,
  "train_end": 1401600,
  "test_start": 1401600,
  "test_end": 1445400
}