{
  "r2": {
    "solar_power": 0.9926225543022156,
    "wind_power": 0.961996853351593
  },
  "mae": {
    "solar_power": 0.015565217472612858,
    "wind_power": 0.009410692378878593
  },
  "rmse": {
    "solar_power": 0.02414677214518517,
    "wind_power": 0.022047892878435785
  },
  "smape": {
    "solar_power": 116.02698564529419,
    "wind_power": 77.77006030082703
  },
  "avg_r2": 0.9773097038269043,
  "avg_mae": 0.012487954925745726,
  "avg_rmse": 0.023097332511810478,
  "avg_smape": 96.89852297306061,
  "session": 20,
  "train_start": 876000,
  "train_end": 919800,
  "test_start": 919800,
  "test_end": 963600
}