{
  "r2": {
    "solar_power": 0.9926115870475769,
    "wind_power": 0.9620929956436157
  },
  "mae": {
    "solar_power": 0.015612490475177765,
    "wind_power": 0.009494716301560402
  },
  "rmse": {
    "solar_power": 0.0241646785057858,
    "wind_power": 0.02201998633112723
  },
  "smape": {
    "solar_power": 116.03635549545288,
    "wind_power": 84.85833406448364
  },
  "avg_r2": 0.9773522913455963,
  "avg_mae": 0.012553603388369083,
  "avg_rmse": 0.023092332418456516,
  "avg_smape": 100.44734477996826,
  "session": 20,
  "train_start": 876000,
  "train_end": 919800,
  "test_start": 919800,
  "test_end": 963600,
  "training_time_seconds": 22.302003099990543,
  "inference_time_seconds": 16.568877499958035
}