{
  "r2": {
    "solar_power": 0.9951082468032837,
    "wind_power": 0.993325412273407
  },
  "mae": {
    "solar_power": 0.011300993151962757,
    "wind_power": 0.0033540353178977966
  },
  "rmse": {
    "solar_power": 0.019002751222679422,
    "wind_power": 0.0051392722287496116
  },
  "smape": {
    "solar_power": 107.15055465698242,
    "wind_power": 29.732146859169006
  },
  "avg_r2": 0.9942168295383453,
  "avg_mae": 0.007327514234930277,
  "avg_rmse": 0.012071011725714516,
  "avg_smape": 68.44135075807571,
  "session": 19,
  "train_start": 832200,
  "train_end": 876000,
  "test_start": 876000,
  "test_end": 919800,
  "training_time_seconds": 22.912363999988884,
  "inference_time_seconds": 13.610124200000428
}