{
  "r2": {
    "solar_power": 0.9951575994491577,
    "wind_power": 0.9936282634735107
  },
  "mae": {
    "solar_power": 0.011200941167771816,
    "wind_power": 0.0032644770108163357
  },
  "rmse": {
    "solar_power": 0.01890670413144749,
    "wind_power": 0.005021338624482234
  },
  "smape": {
    "solar_power": 107.12637901306152,
    "wind_power": 27.57660448551178
  },
  "avg_r2": 0.9943929314613342,
  "avg_mae": 0.007232709089294076,
  "avg_rmse": 0.011964021377964863,
  "avg_smape": 67.35149174928665,
  "session": 19,
  "train_start": 832200,
  "train_end": 876000,
  "test_start": 876000,
  "test_end": 919800
}