{
  "r2": {
    "solar_power": 0.9989646673202515,
    "wind_power": 0.9825614094734192
  },
  "mae": {
    "solar_power": 0.003849168075248599,
    "wind_power": 0.004735040478408337
  },
  "rmse": {
    "solar_power": 0.00726996308770214,
    "wind_power": 0.009123324836994521
  },
  "smape": {
    "solar_power": 126.58798694610596,
    "wind_power": 46.21513783931732
  },
  "avg_r2": 0.9907630383968353,
  "avg_mae": 0.004292104276828468,
  "avg_rmse": 0.00819664396234833,
  "avg_smape": 86.40156239271164,
  "session": 10,
  "train_start": 438000,
  "train_end": 481800,
  "test_start": 481800,
  "test_end": 525600,
  "training_time_seconds": 18.395231599977706,
  "inference_time_seconds": 0.33628950000274926
}