{
  "r2": {
    "solar_power": 0.9901958703994751,
    "wind_power": 0.9735809564590454
  },
  "mae": {
    "solar_power": 0.013950256630778313,
    "wind_power": 0.008933858014643192
  },
  "rmse": {
    "solar_power": 0.024771068535821183,
    "wind_power": 0.011746375235716882
  },
  "smape": {
    "solar_power": 111.40507459640503,
    "wind_power": 54.22102212905884
  },
  "avg_r2": 0.9818884134292603,
  "avg_mae": 0.011442057322710752,
  "avg_rmse": 0.018258721885769033,
  "avg_smape": 82.81304836273193,
  "session": 25,
  "train_start": 1095000,
  "train_end": 1138800,
  "test_start": 1138800,
  "test_end": 1182600,
  "training_time_seconds": 22.19922760000918,
  "inference_time_seconds": 12.561482799996156
}