{
  "r2": {
    "solar_power": 0.9902633428573608,
    "wind_power": 0.9740144610404968
  },
  "mae": {
    "solar_power": 0.013830577954649925,
    "wind_power": 0.008856565691530704
  },
  "rmse": {
    "solar_power": 0.024685682668598392,
    "wind_power": 0.011649605791751198
  },
  "smape": {
    "solar_power": 111.4844799041748,
    "wind_power": 53.91661524772644
  },
  "avg_r2": 0.9821389019489288,
  "avg_mae": 0.011343571823090315,
  "avg_rmse": 0.018167644230174796,
  "avg_smape": 82.70054757595062,
  "session": 25,
  "train_start": 1095000,
  "train_end": 1138800,
  "test_start": 1138800,
  "test_end": 1182600
}