{
  "r2": {
    "solar_power": 0.9850237965583801,
    "wind_power": 0.9849513173103333
  },
  "mae": {
    "solar_power": 0.011883722618222237,
    "wind_power": 0.003159143729135394
  },
  "rmse": {
    "solar_power": 0.03091044368879009,
    "wind_power": 0.01085345194302621
  },
  "smape": {
    "solar_power": 116.79526567459106,
    "wind_power": 29.681500792503357
  },
  "avg_r2": 0.9849875569343567,
  "avg_mae": 0.007521433173678815,
  "avg_rmse": 0.02088194781590815,
  "avg_smape": 73.23838323354721,
  "session": 32,
  "train_start": 1401600,
  "train_end": 1445400,
  "test_start": 1445400,
  "test_end": 1489200
}