{
  "r2": {
    "solar_power": 0.9975630640983582,
    "wind_power": 0.9973434805870056
  },
  "mae": {
    "solar_power": 0.006848335266113281,
    "wind_power": 0.00315275602042675
  },
  "rmse": {
    "solar_power": 0.012346133775484146,
    "wind_power": 0.00459416010071533
  },
  "smape": {
    "solar_power": 121.49746417999268,
    "wind_power": 43.30507516860962
  },
  "avg_r2": 0.9974532723426819,
  "avg_mae": 0.005000545643270016,
  "avg_rmse": 0.008470146938099738,
  "avg_smape": 82.40126967430115,
  "session": 33,
  "train_start": 1445400,
  "train_end": 1489200,
  "test_start": 1489200,
  "test_end": 1533000,
  "training_time_seconds": 22.469741900044028,
  "inference_time_seconds": 12.890631499991287
}