{
  "r2": {
    "solar_power": 0.9975265264511108,
    "wind_power": 0.997326135635376
  },
  "mae": {
    "solar_power": 0.006918883882462978,
    "wind_power": 0.003164342837408185
  },
  "rmse": {
    "solar_power": 0.01243824673620995,
    "wind_power": 0.004609151086619404
  },
  "smape": {
    "solar_power": 121.50609493255615,
    "wind_power": 43.739426136016846
  },
  "avg_r2": 0.9974263310432434,
  "avg_mae": 0.005041613359935582,
  "avg_rmse": 0.008523698911414678,
  "avg_smape": 82.6227605342865,
  "session": 33,
  "train_start": 1445400,
  "train_end": 1489200,
  "test_start": 1489200,
  "test_end": 1533000
}