{
  "r2": {
    "solar_power": 0.9965731501579285,
    "wind_power": 0.992671012878418
  },
  "mae": {
    "solar_power": 0.009627334773540497,
    "wind_power": 0.003540304023772478
  },
  "rmse": {
    "solar_power": 0.016130439155669432,
    "wind_power": 0.0060160853924618425
  },
  "smape": {
    "solar_power": 116.10288619995117,
    "wind_power": 36.51263415813446
  },
  "avg_r2": 0.9946220815181732,
  "avg_mae": 0.0065838193986564875,
  "avg_rmse": 0.011073262274065637,
  "avg_smape": 76.30776017904282,
  "session": 0,
  "train_start": 0,
  "train_end": 43800,
  "test_start": 43800,
  "test_end": 87600,
  "training_time_seconds": 18.172928899992257,
  "inference_time_seconds": 0.258671100018546
}