{
  "r2": {
    "solar_power": 0.9974859356880188,
    "wind_power": 0.9931352734565735
  },
  "mae": {
    "solar_power": 0.009344639256596565,
    "wind_power": 0.0029645892791450024
  },
  "rmse": {
    "solar_power": 0.014324560046291143,
    "wind_power": 0.005718616093462834
  },
  "smape": {
    "solar_power": 95.00769376754761,
    "wind_power": 24.788807332515717
  },
  "avg_r2": 0.9953106045722961,
  "avg_mae": 0.006154614267870784,
  "avg_rmse": 0.010021588069876988,
  "avg_smape": 59.89825055003166,
  "session": 27,
  "train_start": 1182600,
  "train_end": 1226400,
  "test_start": 1226400,
  "test_end": 1270200
}