{
  "r2": {
    "solar_power": 0.9959613680839539,
    "wind_power": 0.9926215410232544
  },
  "mae": {
    "solar_power": 0.013983840122818947,
    "wind_power": 0.0037853966932743788
  },
  "rmse": {
    "solar_power": 0.018570700123139286,
    "wind_power": 0.005811533849103021
  },
  "smape": {
    "solar_power": 97.29204773902893,
    "wind_power": 49.06239211559296
  },
  "avg_r2": 0.9942914545536041,
  "avg_mae": 0.008884618408046663,
  "avg_rmse": 0.012191116986121154,
  "avg_smape": 73.17721992731094,
  "session": 29,
  "train_start": 1270200,
  "train_end": 1314000,
  "test_start": 1314000,
  "test_end": 1357800,
  "training_time_seconds": 22.18678380001802,
  "inference_time_seconds": 12.926032000046689
}