{
  "r2": {
    "solar_power": 0.9959865212440491,
    "wind_power": 0.9923825263977051
  },
  "mae": {
    "solar_power": 0.013913913629949093,
    "wind_power": 0.003852254943922162
  },
  "rmse": {
    "solar_power": 0.018512743516178987,
    "wind_power": 0.0059049191047275025
  },
  "smape": {
    "solar_power": 97.30188846588135,
    "wind_power": 51.929014921188354
  },
  "avg_r2": 0.9941845238208771,
  "avg_mae": 0.008883084286935627,
  "avg_rmse": 0.012208831310453245,
  "avg_smape": 74.61545169353485,
  "session": 29,
  "train_start": 1270200,
  "train_end": 1314000,
  "test_start": 1314000,
  "test_end": 1357800
}