{
  "r2": {
    "solar_power": 0.9931856989860535,
    "wind_power": 0.9697167873382568
  },
  "mae": {
    "solar_power": 0.014532225206494331,
    "wind_power": 0.009355686604976654
  },
  "rmse": {
    "solar_power": 0.023228286494975152,
    "wind_power": 0.017214883047742418
  },
  "smape": {
    "solar_power": 101.83260440826416,
    "wind_power": 37.64514923095703
  },
  "avg_r2": 0.9814512431621552,
  "avg_mae": 0.011943955905735493,
  "avg_rmse": 0.020221584771358783,
  "avg_smape": 69.7388768196106,
  "session": 2,
  "train_start": 87600,
  "train_end": 131400,
  "test_start": 131400,
  "test_end": 175200
}