{
  "r2": {
    "solar_power": 0.993261992931366,
    "wind_power": 0.9701345562934875
  },
  "mae": {
    "solar_power": 0.014432363212108612,
    "wind_power": 0.009346779435873032
  },
  "rmse": {
    "solar_power": 0.023097875706626688,
    "wind_power": 0.017095721460204227
  },
  "smape": {
    "solar_power": 101.83676481246948,
    "wind_power": 38.15116882324219
  },
  "avg_r2": 0.9816982746124268,
  "avg_mae": 0.011889571323990822,
  "avg_rmse": 0.020096798583415457,
  "avg_smape": 69.99396681785583,
  "session": 2,
  "train_start": 87600,
  "train_end": 131400,
  "test_start": 131400,
  "test_end": 175200,
  "training_time_seconds": 22.282124499964993,
  "inference_time_seconds": 13.158618799992837
}