{
  "r2": {
    "solar_power": 0.9966198205947876,
    "wind_power": 0.9839089512825012
  },
  "mae": {
    "solar_power": 0.007495929021388292,
    "wind_power": 0.003407650161534548
  },
  "rmse": {
    "solar_power": 0.013482200092987708,
    "wind_power": 0.008620027443330154
  },
  "smape": {
    "solar_power": 123.83710145950317,
    "wind_power": 28.31929922103882
  },
  "avg_r2": 0.9902643859386444,
  "avg_mae": 0.00545178959146142,
  "avg_rmse": 0.01105111376815893,
  "avg_smape": 76.078200340271,
  "session": 21,
  "train_start": 919800,
  "train_end": 963600,
  "test_start": 963600,
  "test_end": 1007400
}