{
  "r2": {
    "solar_power": 0.9911797642707825,
    "wind_power": 0.9913241863250732
  },
  "mae": {
    "solar_power": 0.012621341273188591,
    "wind_power": 0.005691410042345524
  },
  "rmse": {
    "solar_power": 0.023495232981724654,
    "wind_power": 0.006731328149761264
  },
  "smape": {
    "solar_power": 111.08630895614624,
    "wind_power": 56.21515512466431
  },
  "avg_r2": 0.9912519752979279,
  "avg_mae": 0.009156375657767057,
  "avg_rmse": 0.01511328056574296,
  "avg_smape": 83.65073204040527,
  "session": 25,
  "train_start": 1095000,
  "train_end": 1138800,
  "test_start": 1138800,
  "test_end": 1182600,
  "training_time_seconds": 18.50176279997686,
  "inference_time_seconds": 0.2571769999922253
}