{
  "r2": {
    "solar_power": 0.9962350130081177,
    "wind_power": 0.9932256937026978
  },
  "mae": {
    "solar_power": 0.01047609094530344,
    "wind_power": 0.003559507429599762
  },
  "rmse": {
    "solar_power": 0.017077173917987735,
    "wind_power": 0.005547887364914766
  },
  "smape": {
    "solar_power": 99.31780695915222,
    "wind_power": 33.51757526397705
  },
  "avg_r2": 0.9947303533554077,
  "avg_mae": 0.007017799187451601,
  "avg_rmse": 0.011312530641451251,
  "avg_smape": 66.41769111156464,
  "session": 30,
  "train_start": 1314000,
  "train_end": 1357800,
  "test_start": 1357800,
  "test_end": 1401600,
  "training_time_seconds": 21.938925600028597,
  "inference_time_seconds": 12.561960800027009
}