{
  "r2": {
    "solar_power": 0.9962465763092041,
    "wind_power": 0.9933664202690125
  },
  "mae": {
    "solar_power": 0.0103627759963274,
    "wind_power": 0.0034841513261198997
  },
  "rmse": {
    "solar_power": 0.017050940648324672,
    "wind_power": 0.00548996534198545
  },
  "smape": {
    "solar_power": 99.34976100921631,
    "wind_power": 32.559534907341
  },
  "avg_r2": 0.9948064982891083,
  "avg_mae": 0.00692346366122365,
  "avg_rmse": 0.011270452995155061,
  "avg_smape": 65.95464795827866,
  "session": 30,
  "train_start": 1314000,
  "train_end": 1357800,
  "test_start": 1357800,
  "test_end": 1401600
}