{
  "r2": {
    "solar_power": 0.9958571195602417,
    "wind_power": 0.995344877243042
  },
  "mae": {
    "solar_power": 0.011655787006020546,
    "wind_power": 0.002179362578317523
  },
  "rmse": {
    "solar_power": 0.018616467601691916,
    "wind_power": 0.003951126441709676
  },
  "smape": {
    "solar_power": 99.60751533508301,
    "wind_power": 29.256579279899597
  },
  "avg_r2": 0.9956009984016418,
  "avg_mae": 0.0069175747921690345,
  "avg_rmse": 0.011283797021700796,
  "avg_smape": 64.4320473074913,
  "session": 18,
  "train_start": 788400,
  "train_end": 832200,
  "test_start": 832200,
  "test_end": 876000,
  "training_time_seconds": 22.412024999968708,
  "inference_time_seconds": 12.643044400028884
}