{
  "r2": {
    "solar_power": 0.9959291815757751,
    "wind_power": 0.9954995512962341
  },
  "mae": {
    "solar_power": 0.011539668776094913,
    "wind_power": 0.0021952944807708263
  },
  "rmse": {
    "solar_power": 0.018453728825699463,
    "wind_power": 0.0038849315955475226
  },
  "smape": {
    "solar_power": 99.60353970527649,
    "wind_power": 33.31523537635803
  },
  "avg_r2": 0.9957143664360046,
  "avg_mae": 0.00686748162843287,
  "avg_rmse": 0.011169330210623492,
  "avg_smape": 66.45938754081726,
  "session": 18,
  "train_start": 788400,
  "train_end": 832200,
  "test_start": 832200,
  "test_end": 876000
}