{
  "r2": {
    "solar_power": 0.9978817701339722,
    "wind_power": 0.998046338558197
  },
  "mae": {
    "solar_power": 0.006394980009645224,
    "wind_power": 0.0023179729469120502
  },
  "rmse": {
    "solar_power": 0.011227906105770496,
    "wind_power": 0.003921178978287346
  },
  "smape": {
    "solar_power": 95.22168040275574,
    "wind_power": 21.588853001594543
  },
  "avg_r2": 0.9979640543460846,
  "avg_mae": 0.004356476478278637,
  "avg_rmse": 0.007574542542028921,
  "avg_smape": 58.40526670217514,
  "session": 15,
  "train_start": 657000,
  "train_end": 700800,
  "test_start": 700800,
  "test_end": 744600,
  "training_time_seconds": 18.22407649998786,
  "inference_time_seconds": 0.2595412000082433
}