{
  "r2": {
    "solar_power": 0.9995417594909668,
    "wind_power": 0.9936237931251526
  },
  "mae": {
    "solar_power": 0.003999544773250818,
    "wind_power": 0.0040627215057611465
  },
  "rmse": {
    "solar_power": 0.00622217526693993,
    "wind_power": 0.005428690505238075
  },
  "smape": {
    "solar_power": 90.84755182266235,
    "wind_power": 48.364561796188354
  },
  "avg_r2": 0.9965827763080597,
  "avg_mae": 0.004031133139505982,
  "avg_rmse": 0.005825432886089003,
  "avg_smape": 69.60605680942535,
  "session": 4,
  "train_start": 175200,
  "train_end": 219000,
  "test_start": 219000,
  "test_end": 262800
}