{
  "r2": {
    "solar_power": 0.9963730573654175,
    "wind_power": 0.9866623282432556
  },
  "mae": {
    "solar_power": 0.010026777163147926,
    "wind_power": 0.006425629835575819
  },
  "rmse": {
    "solar_power": 0.015850082287281936,
    "wind_power": 0.008055270504768848
  },
  "smape": {
    "solar_power": 94.80929970741272,
    "wind_power": 81.486576795578
  },
  "avg_r2": 0.9915176928043365,
  "avg_mae": 0.008226203499361873,
  "avg_rmse": 0.011952676396025392,
  "avg_smape": 88.14793825149536,
  "session": 3,
  "train_start": 131400,
  "train_end": 175200,
  "test_start": 175200,
  "test_end": 219000,
  "training_time_seconds": 18.405633299960755,
  "inference_time_seconds": 0.2558811000199057
}