{
  "r2": {
    "solar_power": 0.9939517378807068,
    "wind_power": 0.9931589961051941
  },
  "mae": {
    "solar_power": 0.011864851228892803,
    "wind_power": 0.003029430517926812
  },
  "rmse": {
    "solar_power": 0.019643584944056706,
    "wind_power": 0.007317781351266149
  },
  "smape": {
    "solar_power": 116.48077964782715,
    "wind_power": 36.79167330265045
  },
  "avg_r2": 0.9935553669929504,
  "avg_mae": 0.007447140873409808,
  "avg_rmse": 0.013480683147661428,
  "avg_smape": 76.6362264752388,
  "session": 32,
  "train_start": 1401600,
  "train_end": 1445400,
  "test_start": 1445400,
  "test_end": 1489200,
  "training_time_seconds": 22.197483399999328,
  "inference_time_seconds": 12.357725800015032
}