{
  "r2": {
    "solar_power": 0.9940267205238342,
    "wind_power": 0.9928750991821289
  },
  "mae": {
    "solar_power": 0.011852209456264973,
    "wind_power": 0.0029768210370093584
  },
  "rmse": {
    "solar_power": 0.01952135386692903,
    "wind_power": 0.007468067628384166
  },
  "smape": {
    "solar_power": 116.43213033676147,
    "wind_power": 36.727356910705566
  },
  "avg_r2": 0.9934509098529816,
  "avg_mae": 0.0074145152466371655,
  "avg_rmse": 0.013494710747656598,
  "avg_smape": 76.57974362373352,
  "session": 32,
  "train_start": 1401600,
  "train_end": 1445400,
  "test_start": 1445400,
  "test_end": 1489200
}