{
  "r2": {
    "solar_power": 0.9983539581298828,
    "wind_power": 0.9884424805641174
  },
  "mae": {
    "solar_power": 0.0042036608792841434,
    "wind_power": 0.005009652115404606
  },
  "rmse": {
    "solar_power": 0.00862401056142923,
    "wind_power": 0.007609159337914952
  },
  "smape": {
    "solar_power": 125.26426315307617,
    "wind_power": 37.037527561187744
  },
  "avg_r2": 0.9933982193470001,
  "avg_mae": 0.004606656497344375,
  "avg_rmse": 0.00811658494967209,
  "avg_smape": 81.15089535713196,
  "session": 11,
  "train_start": 481800,
  "train_end": 525600,
  "test_start": 525600,
  "test_end": 569400
}