{
  "r2": {
    "solar_power": 0.998319685459137,
    "wind_power": 0.988919734954834
  },
  "mae": {
    "solar_power": 0.004230972845107317,
    "wind_power": 0.00482955202460289
  },
  "rmse": {
    "solar_power": 0.008713320532582126,
    "wind_power": 0.007450398450532298
  },
  "smape": {
    "solar_power": 125.13659000396729,
    "wind_power": 35.43140888214111
  },
  "avg_r2": 0.9936197102069855,
  "avg_mae": 0.0045302624348551035,
  "avg_rmse": 0.008081859491557212,
  "avg_smape": 80.2839994430542,
  "session": 11,
  "train_start": 481800,
  "train_end": 525600,
  "test_start": 525600,
  "test_end": 569400,
  "training_time_seconds": 22.190592299972195,
  "inference_time_seconds": 12.864876100036781
}