{
  "r2": {
    "solar_power": 0.9945715665817261,
    "wind_power": 0.9954354166984558
  },
  "mae": {
    "solar_power": 0.012678292579948902,
    "wind_power": 0.0023369980044662952
  },
  "rmse": {
    "solar_power": 0.020393908886408553,
    "wind_power": 0.004090155605068038
  },
  "smape": {
    "solar_power": 102.62190103530884,
    "wind_power": 21.962814033031464
  },
  "avg_r2": 0.9950034916400909,
  "avg_mae": 0.007507645292207599,
  "avg_rmse": 0.012242032245738296,
  "avg_smape": 62.29235753417015,
  "session": 14,
  "train_start": 613200,
  "train_end": 657000,
  "test_start": 657000,
  "test_end": 700800,
  "training_time_seconds": 18.545776500017382,
  "inference_time_seconds": 0.25199660001089796
}