{
  "r2": {
    "solar_power": 0.9963477253913879,
    "wind_power": 0.9939305186271667
  },
  "mae": {
    "solar_power": 0.010350330732762814,
    "wind_power": 0.0033856539521366358
  },
  "rmse": {
    "solar_power": 0.01672808560031913,
    "wind_power": 0.004716466692583922
  },
  "smape": {
    "solar_power": 102.33300924301147,
    "wind_power": 36.674144864082336
  },
  "avg_r2": 0.9951391220092773,
  "avg_mae": 0.006867992342449725,
  "avg_rmse": 0.010722276146451527,
  "avg_smape": 69.5035770535469,
  "session": 14,
  "train_start": 613200,
  "train_end": 657000,
  "test_start": 657000,
  "test_end": 700800,
  "training_time_seconds": 22.36615240003448,
  "inference_time_seconds": 12.702691400016192
}