{
  "r2": {
    "solar_power": 0.9963586926460266,
    "wind_power": 0.9939214587211609
  },
  "mae": {
    "solar_power": 0.010378990322351456,
    "wind_power": 0.0033625178039073944
  },
  "rmse": {
    "solar_power": 0.01670288274400206,
    "wind_power": 0.004719976121055537
  },
  "smape": {
    "solar_power": 102.24676132202148,
    "wind_power": 36.21937930583954
  },
  "avg_r2": 0.9951400756835938,
  "avg_mae": 0.006870754063129425,
  "avg_rmse": 0.010711429432528799,
  "avg_smape": 69.23307031393051,
  "session": 14,
  "train_start": 613200,
  "train_end": 657000,
  "test_start": 657000,
  "test_end": 700800
}