{
  "r2": {
    "solar_power": 0.9960788488388062,
    "wind_power": 0.9948393106460571
  },
  "mae": {
    "solar_power": 0.007831817492842674,
    "wind_power": 0.002984856255352497
  },
  "rmse": {
    "solar_power": 0.014521115018717484,
    "wind_power": 0.004881675036384356
  },
  "smape": {
    "solar_power": 123.96697998046875,
    "wind_power": 69.7161614894867
  },
  "avg_r2": 0.9954590797424316,
  "avg_mae": 0.005408336874097586,
  "avg_rmse": 0.00970139502755092,
  "avg_smape": 96.84157073497772,
  "session": 21,
  "train_start": 919800,
  "train_end": 963600,
  "test_start": 963600,
  "test_end": 1007400,
  "training_time_seconds": 18.31706899998244,
  "inference_time_seconds": 0.27272259996971115
}