{
  "r2": {
    "solar_power": 0.9971228241920471,
    "wind_power": 0.9979785084724426
  },
  "mae": {
    "solar_power": 0.008139546029269695,
    "wind_power": 0.002713965717703104
  },
  "rmse": {
    "solar_power": 0.014285034836892578,
    "wind_power": 0.005126108124046758
  },
  "smape": {
    "solar_power": 118.08353662490845,
    "wind_power": 15.374462306499481
  },
  "avg_r2": 0.9975506663322449,
  "avg_mae": 0.0054267558734864,
  "avg_rmse": 0.009705571480469667,
  "avg_smape": 66.72899946570396,
  "session": 24,
  "train_start": 1051200,
  "train_end": 1095000,
  "test_start": 1095000,
  "test_end": 1138800,
  "training_time_seconds": 18.418431699974462,
  "inference_time_seconds": 0.2567387000308372
}