{
  "r2": {
    "solar_power": 0.9917289018630981,
    "wind_power": 0.9740738272666931
  },
  "mae": {
    "solar_power": 0.014233539812266827,
    "wind_power": 0.007917745970189571
  },
  "rmse": {
    "solar_power": 0.023797739942856267,
    "wind_power": 0.01230989508709207
  },
  "smape": {
    "solar_power": 113.64573240280151,
    "wind_power": 50.36598443984985
  },
  "avg_r2": 0.9829013645648956,
  "avg_mae": 0.011075642891228199,
  "avg_rmse": 0.018053817514974167,
  "avg_smape": 82.00585842132568,
  "session": 1,
  "train_start": 43800,
  "train_end": 87600,
  "test_start": 87600,
  "test_end": 131400,
  "training_time_seconds": 22.040460400050506,
  "inference_time_seconds": 12.693313199968543
}