{
  "r2": {
    "solar_power": 0.9918017387390137,
    "wind_power": 0.9743235111236572
  },
  "mae": {
    "solar_power": 0.014280451461672783,
    "wind_power": 0.00781596451997757
  },
  "rmse": {
    "solar_power": 0.023692725723487615,
    "wind_power": 0.012250471308047687
  },
  "smape": {
    "solar_power": 113.63890171051025,
    "wind_power": 49.312031269073486
  },
  "avg_r2": 0.9830626249313354,
  "avg_mae": 0.011048207990825176,
  "avg_rmse": 0.01797159851576765,
  "avg_smape": 81.47546648979187,
  "session": 1,
  "train_start": 43800,
  "train_end": 87600,
  "test_start": 87600,
  "test_end": 131400
}