{
  "r2": {
    "solar_power": 0.9939418435096741,
    "wind_power": 0.9951446056365967
  },
  "mae": {
    "solar_power": 0.01406378485262394,
    "wind_power": 0.0021739189978688955
  },
  "rmse": {
    "solar_power": 0.022385569256219127,
    "wind_power": 0.003927658552432521
  },
  "smape": {
    "solar_power": 106.31752014160156,
    "wind_power": 24.74062740802765
  },
  "avg_r2": 0.9945432245731354,
  "avg_mae": 0.008118851925246418,
  "avg_rmse": 0.013156613904325824,
  "avg_smape": 65.5290737748146,
  "session": 7,
  "train_start": 306600,
  "train_end": 350400,
  "test_start": 350400,
  "test_end": 394200
}