{
  "r2": {
    "solar_power": 0.9965165257453918,
    "wind_power": 0.9784087538719177
  },
  "mae": {
    "solar_power": 0.008136935532093048,
    "wind_power": 0.007116230670362711
  },
  "rmse": {
    "solar_power": 0.014114647940074911,
    "wind_power": 0.014597356165489244
  },
  "smape": {
    "solar_power": 122.1019983291626,
    "wind_power": 32.39368796348572
  },
  "avg_r2": 0.9874626398086548,
  "avg_mae": 0.0076265831012278795,
  "avg_rmse": 0.014356002052782077,
  "avg_smape": 77.24784314632416,
  "session": 9,
  "train_start": 394200,
  "train_end": 438000,
  "test_start": 438000,
  "test_end": 481800
}