{
  "r2": {
    "solar_power": 0.998991847038269,
    "wind_power": 0.9937803149223328
  },
  "mae": {
    "solar_power": 0.0056009250693023205,
    "wind_power": 0.0025544422678649426
  },
  "rmse": {
    "solar_power": 0.0090860207284851,
    "wind_power": 0.004390664974476434
  },
  "smape": {
    "solar_power": 90.11970162391663,
    "wind_power": 30.90553879737854
  },
  "avg_r2": 0.9963860809803009,
  "avg_mae": 0.0040776836685836315,
  "avg_rmse": 0.0067383428514807674,
  "avg_smape": 60.51262021064758,
  "session": 17,
  "train_start": 744600,
  "train_end": 788400,
  "test_start": 788400,
  "test_end": 832200
}