{
  "r2": {
    "solar_power": 0.9990289211273193,
    "wind_power": 0.9937822818756104
  },
  "mae": {
    "solar_power": 0.005478854291141033,
    "wind_power": 0.0025524254888296127
  },
  "rmse": {
    "solar_power": 0.008917353203051315,
    "wind_power": 0.004389975963412324
  },
  "smape": {
    "solar_power": 90.09307622909546,
    "wind_power": 31.30878508090973
  },
  "avg_r2": 0.9964056015014648,
  "avg_mae": 0.004015639889985323,
  "avg_rmse": 0.006653664583231819,
  "avg_smape": 60.700930655002594,
  "session": 17,
  "train_start": 744600,
  "train_end": 788400,
  "test_start": 788400,
  "test_end": 832200,
  "training_time_seconds": 22.28176760004135,
  "inference_time_seconds": 13.102474999963306
}