{
  "r2": {
    "solar_power": 0.9907903075218201,
    "wind_power": 0.9633962512016296
  },
  "mae": {
    "solar_power": 0.014022727496922016,
    "wind_power": 0.005268658045679331
  },
  "rmse": {
    "solar_power": 0.024996482566284037,
    "wind_power": 0.017243251949815908
  },
  "smape": {
    "solar_power": 116.49861335754395,
    "wind_power": 62.44086027145386
  },
  "avg_r2": 0.9770932793617249,
  "avg_mae": 0.009645692771300673,
  "avg_rmse": 0.02111986725804997,
  "avg_smape": 89.4697368144989,
  "session": 8,
  "train_start": 350400,
  "train_end": 394200,
  "test_start": 394200,
  "test_end": 438000,
  "training_time_seconds": 22.5322540999623,
  "inference_time_seconds": 13.06905769999139
}