{
  "r2": {
    "solar_power": 0.9906338453292847,
    "wind_power": 0.9624742269515991
  },
  "mae": {
    "solar_power": 0.014213260263204575,
    "wind_power": 0.005285321269184351
  },
  "rmse": {
    "solar_power": 0.025207931709152503,
    "wind_power": 0.017459074672809424
  },
  "smape": {
    "solar_power": 116.53585433959961,
    "wind_power": 54.81041669845581
  },
  "avg_r2": 0.9765540361404419,
  "avg_mae": 0.009749290766194463,
  "avg_rmse": 0.021333503190980964,
  "avg_smape": 85.67313551902771,
  "session": 8,
  "train_start": 350400,
  "train_end": 394200,
  "test_start": 394200,
  "test_end": 438000
}