{
  "r2": {
    "solar_power": 0.9952625036239624,
    "wind_power": 0.9845748543739319
  },
  "mae": {
    "solar_power": 0.009745127521455288,
    "wind_power": 0.0050743455067276955
  },
  "rmse": {
    "solar_power": 0.016460354607060586,
    "wind_power": 0.012338147527345899
  },
  "smape": {
    "solar_power": 123.39118719100952,
    "wind_power": 34.54897105693817
  },
  "avg_r2": 0.9899186789989471,
  "avg_mae": 0.007409736514091492,
  "avg_rmse": 0.014399251067203241,
  "avg_smape": 78.97007912397385,
  "session": 9,
  "train_start": 394200,
  "train_end": 438000,
  "test_start": 438000,
  "test_end": 481800,
  "training_time_seconds": 22.35853039997164,
  "inference_time_seconds": 12.969005800026935
}