{
  "r2": {
    "solar_power": 0.9953776001930237,
    "wind_power": 0.9845337271690369
  },
  "mae": {
    "solar_power": 0.009593761526048183,
    "wind_power": 0.005082155577838421
  },
  "rmse": {
    "solar_power": 0.016259146405076596,
    "wind_power": 0.012354594845993947
  },
  "smape": {
    "solar_power": 123.34796190261841,
    "wind_power": 34.081655740737915
  },
  "avg_r2": 0.9899556636810303,
  "avg_mae": 0.007337958551943302,
  "avg_rmse": 0.014306870625535272,
  "avg_smape": 78.71480882167816,
  "session": 9,
  "train_start": 394200,
  "train_end": 438000,
  "test_start": 438000,
  "test_end": 481800
}