{
  "r2": {
    "solar_power": 0.9869049787521362,
    "wind_power": 0.9918239712715149
  },
  "mae": {
    "solar_power": 0.017908750101923943,
    "wind_power": 0.002926021348685026
  },
  "rmse": {
    "solar_power": 0.03109118593009772,
    "wind_power": 0.00568801839409791
  },
  "smape": {
    "solar_power": 108.88692140579224,
    "wind_power": 20.227375626564026
  },
  "avg_r2": 0.9893644750118256,
  "avg_mae": 0.010417385725304484,
  "avg_rmse": 0.018389602162097816,
  "avg_smape": 64.55714851617813,
  "session": 19,
  "train_start": 832200,
  "train_end": 876000,
  "test_start": 876000,
  "test_end": 919800,
  "training_time_seconds": 18.2795406000223,
  "inference_time_seconds": 0.2501517999917269
}