{
  "r2": {
    "solar_power": 0.9973732233047485,
    "wind_power": 0.9837118983268738
  },
  "mae": {
    "solar_power": 0.007419034373015165,
    "wind_power": 0.005505204200744629
  },
  "rmse": {
    "solar_power": 0.012818021985420276,
    "wind_power": 0.011375907591023608
  },
  "smape": {
    "solar_power": 121.80217504501343,
    "wind_power": 38.196349143981934
  },
  "avg_r2": 0.9905425608158112,
  "avg_mae": 0.006462119286879897,
  "avg_rmse": 0.01209696478822194,
  "avg_smape": 79.99926209449768,
  "session": 33,
  "train_start": 1445400,
  "train_end": 1489200,
  "test_start": 1489200,
  "test_end": 1533000,
  "training_time_seconds": 22.071106799994595,
  "inference_time_seconds": 12.66619450005237
}