{
  "r2": {
    "solar_power": 0.9973980784416199,
    "wind_power": 0.9841043949127197
  },
  "mae": {
    "solar_power": 0.007336799055337906,
    "wind_power": 0.005415953695774078
  },
  "rmse": {
    "solar_power": 0.012757220877186752,
    "wind_power": 0.01123801980441279
  },
  "smape": {
    "solar_power": 121.80020809173584,
    "wind_power": 37.26925849914551
  },
  "avg_r2": 0.9907512366771698,
  "avg_mae": 0.006376376375555992,
  "avg_rmse": 0.01199762034079977,
  "avg_smape": 79.53473329544067,
  "session": 33,
  "train_start": 1445400,
  "train_end": 1489200,
  "test_start": 1489200,
  "test_end": 1533000
}