{
  "r2": {
    "solar_power": 0.9962713122367859,
    "wind_power": 0.9977179169654846
  },
  "mae": {
    "solar_power": 0.00919299852102995,
    "wind_power": 0.0034601306542754173
  },
  "rmse": {
    "solar_power": 0.016262073682379478,
    "wind_power": 0.005446530957261919
  },
  "smape": {
    "solar_power": 118.55790615081787,
    "wind_power": 25.640591979026794
  },
  "avg_r2": 0.9969946146011353,
  "avg_mae": 0.006326564587652683,
  "avg_rmse": 0.010854302319820697,
  "avg_smape": 72.09924906492233,
  "session": 24,
  "train_start": 1051200,
  "train_end": 1095000,
  "test_start": 1095000,
  "test_end": 1138800,
  "training_time_seconds": 22.382012700021733,
  "inference_time_seconds": 12.85306799999671
}