{
  "r2": {
    "solar_power": 0.9962183833122253,
    "wind_power": 0.997745931148529
  },
  "mae": {
    "solar_power": 0.009289025329053402,
    "wind_power": 0.003420624416321516
  },
  "rmse": {
    "solar_power": 0.016377084038597323,
    "wind_power": 0.0054129678814552684
  },
  "smape": {
    "solar_power": 118.57922077178955,
    "wind_power": 25.262808799743652
  },
  "avg_r2": 0.9969821572303772,
  "avg_mae": 0.006354824872687459,
  "avg_rmse": 0.010895025960026295,
  "avg_smape": 71.9210147857666,
  "session": 24,
  "train_start": 1051200,
  "train_end": 1095000,
  "test_start": 1095000,
  "test_end": 1138800
}