{
  "r2": {
    "solar_power": 0.9951595664024353,
    "wind_power": 0.9991398453712463
  },
  "mae": {
    "solar_power": 0.01002493780106306,
    "wind_power": 0.0018150212708860636
  },
  "rmse": {
    "solar_power": 0.018528526145870628,
    "wind_power": 0.003343783028199739
  },
  "smape": {
    "solar_power": 118.4998869895935,
    "wind_power": 16.780176758766174
  },
  "avg_r2": 0.9971497058868408,
  "avg_mae": 0.005919979535974562,
  "avg_rmse": 0.010936154587035184,
  "avg_smape": 67.64003187417984,
  "session": 24,
  "train_start": 1051200,
  "train_end": 1095000,
  "test_start": 1095000,
  "test_end": 1138800
}