{
  "r2": {
    "solar_power": 0.9978792071342468,
    "wind_power": 0.9912024736404419
  },
  "mae": {
    "solar_power": 0.00776169216260314,
    "wind_power": 0.003816981101408601
  },
  "rmse": {
    "solar_power": 0.012689602351731376,
    "wind_power": 0.006591317260919325
  },
  "smape": {
    "solar_power": 115.73618650436401,
    "wind_power": 29.885652661323547
  },
  "avg_r2": 0.9945408403873444,
  "avg_mae": 0.00578933663200587,
  "avg_rmse": 0.00964045980632535,
  "avg_smape": 72.81091958284378,
  "session": 0,
  "train_start": 0,
  "train_end": 43800,
  "test_start": 43800,
  "test_end": 87600,
  "training_time_seconds": 18.243902900023386,
  "inference_time_seconds": 0.253388199955225
}