{
  "r2": {
    "solar_power": 0.9979631304740906,
    "wind_power": 0.9944676160812378
  },
  "mae": {
    "solar_power": 0.008976145647466183,
    "wind_power": 0.0024007665924727917
  },
  "rmse": {
    "solar_power": 0.012557010566602364,
    "wind_power": 0.004026646519206896
  },
  "smape": {
    "solar_power": 90.38112163543701,
    "wind_power": 31.764981150627136
  },
  "avg_r2": 0.9962153732776642,
  "avg_mae": 0.005688456119969487,
  "avg_rmse": 0.00829182854290463,
  "avg_smape": 61.073051393032074,
  "session": 16,
  "train_start": 700800,
  "train_end": 744600,
  "test_start": 744600,
  "test_end": 788400
}