{
  "r2": {
    "solar_power": 0.994027853012085,
    "wind_power": 0.9918288588523865
  },
  "mae": {
    "solar_power": 0.012519697658717632,
    "wind_power": 0.00303796143271029
  },
  "rmse": {
    "solar_power": 0.021333168459850785,
    "wind_power": 0.005887042292305952
  },
  "smape": {
    "solar_power": 100.35605430603027,
    "wind_power": 18.084624409675598
  },
  "avg_r2": 0.9929283559322357,
  "avg_mae": 0.007778829545713961,
  "avg_rmse": 0.013610105376078369,
  "avg_smape": 59.220339357852936,
  "session": 6,
  "train_start": 262800,
  "train_end": 306600,
  "test_start": 306600,
  "test_end": 350400,
  "training_time_seconds": 18.458398599992506,
  "inference_time_seconds": 0.33301480003865436
}