{
  "r2": {
    "solar_power": 0.9929711818695068,
    "wind_power": 0.9865331053733826
  },
  "mae": {
    "solar_power": 0.014577820897102356,
    "wind_power": 0.004091883078217506
  },
  "rmse": {
    "solar_power": 0.023143555473731002,
    "wind_power": 0.007557691036500779
  },
  "smape": {
    "solar_power": 101.26781463623047,
    "wind_power": 25.782352685928345
  },
  "avg_r2": 0.9897521436214447,
  "avg_mae": 0.009334851987659931,
  "avg_rmse": 0.015350623255115891,
  "avg_smape": 63.52508366107941,
  "session": 6,
  "train_start": 262800,
  "train_end": 306600,
  "test_start": 306600,
  "test_end": 350400
}