{
  "r2": {
    "solar_power": 0.9893251061439514,
    "wind_power": 0.9642197489738464
  },
  "mae": {
    "solar_power": 0.017377754673361778,
    "wind_power": 0.011078077368438244
  },
  "rmse": {
    "solar_power": 0.02703556125809034,
    "wind_power": 0.014461284385018498
  },
  "smape": {
    "solar_power": 114.9502158164978,
    "wind_power": 70.3904390335083
  },
  "avg_r2": 0.9767724275588989,
  "avg_mae": 0.014227916020900011,
  "avg_rmse": 0.020748422821554417,
  "avg_smape": 92.67032742500305,
  "session": 1,
  "train_start": 43800,
  "train_end": 87600,
  "test_start": 87600,
  "test_end": 131400,
  "training_time_seconds": 34.182545299991034,
  "inference_time_seconds": 13.016056599968579
}