{
  "r2": {
    "solar_power": 0.9892380237579346,
    "wind_power": 0.9637488126754761
  },
  "mae": {
    "solar_power": 0.017487000674009323,
    "wind_power": 0.011046987026929855
  },
  "rmse": {
    "solar_power": 0.027145621613393886,
    "wind_power": 0.014556141500471223
  },
  "smape": {
    "solar_power": 115.04286527633667,
    "wind_power": 69.334477186203
  },
  "avg_r2": 0.9764934182167053,
  "avg_mae": 0.01426699385046959,
  "avg_rmse": 0.020850881556932554,
  "avg_smape": 92.18867123126984,
  "session": 1,
  "train_start": 43800,
  "train_end": 87600,
  "test_start": 87600,
  "test_end": 131400
}