{
  "r2": {
    "solar_power": 0.9927694797515869,
    "wind_power": 0.9841872453689575
  },
  "mae": {
    "solar_power": 0.014904257841408253,
    "wind_power": 0.00491220923140645
  },
  "rmse": {
    "solar_power": 0.023473317375052215,
    "wind_power": 0.008189527810061192
  },
  "smape": {
    "solar_power": 101.65785551071167,
    "wind_power": 73.04214835166931
  },
  "avg_r2": 0.9884783625602722,
  "avg_mae": 0.009908233536407351,
  "avg_rmse": 0.015831422592556703,
  "avg_smape": 87.35000193119049,
  "session": 6,
  "train_start": 262800,
  "train_end": 306600,
  "test_start": 306600,
  "test_end": 350400
}