{
  "r2": {
    "solar_power": 0.9927589893341064,
    "wind_power": 0.9840697646141052
  },
  "mae": {
    "solar_power": 0.0149085633456707,
    "wind_power": 0.0049067274667322636
  },
  "rmse": {
    "solar_power": 0.023490359382680553,
    "wind_power": 0.008219892371870971
  },
  "smape": {
    "solar_power": 101.71626806259155,
    "wind_power": 67.48968958854675
  },
  "avg_r2": 0.9884143769741058,
  "avg_mae": 0.009907645406201482,
  "avg_rmse": 0.015855125877275764,
  "avg_smape": 84.60297882556915,
  "session": 6,
  "train_start": 262800,
  "train_end": 306600,
  "test_start": 306600,
  "test_end": 350400,
  "training_time_seconds": 22.470194299996365,
  "inference_time_seconds": 13.051830300013535
}