{
  "r2": {
    "solar_power": 0.9971142411231995,
    "wind_power": 0.9936074614524841
  },
  "mae": {
    "solar_power": 0.00765943294391036,
    "wind_power": 0.0029127802699804306
  },
  "rmse": {
    "solar_power": 0.01290651393388439,
    "wind_power": 0.005220722088998313
  },
  "smape": {
    "solar_power": 123.40892553329468,
    "wind_power": 39.08913433551788
  },
  "avg_r2": 0.9953608512878418,
  "avg_mae": 0.0052861066069453955,
  "avg_rmse": 0.00906361801144135,
  "avg_smape": 81.24902993440628,
  "session": 23,
  "train_start": 1007400,
  "train_end": 1051200,
  "test_start": 1051200,
  "test_end": 1095000,
  "training_time_seconds": 22.262985099980142,
  "inference_time_seconds": 13.158821900025941
}