{
  "r2": {
    "solar_power": 0.9971019625663757,
    "wind_power": 0.9937618374824524
  },
  "mae": {
    "solar_power": 0.007666647434234619,
    "wind_power": 0.002952335402369499
  },
  "rmse": {
    "solar_power": 0.012933999275247498,
    "wind_power": 0.00515729576581607
  },
  "smape": {
    "solar_power": 123.33742380142212,
    "wind_power": 39.99653458595276
  },
  "avg_r2": 0.9954319000244141,
  "avg_mae": 0.005309491418302059,
  "avg_rmse": 0.009045647520531785,
  "avg_smape": 81.66697919368744,
  "session": 23,
  "train_start": 1007400,
  "train_end": 1051200,
  "test_start": 1051200,
  "test_end": 1095000
}