{
  "r2": {
    "solar_power": 0.9926404356956482,
    "wind_power": 0.9927246570587158
  },
  "mae": {
    "solar_power": 0.011333550326526165,
    "wind_power": 0.00404276791960001
  },
  "rmse": {
    "solar_power": 0.021461779731083267,
    "wind_power": 0.006164125862206885
  },
  "smape": {
    "solar_power": 110.62734127044678,
    "wind_power": 32.536450028419495
  },
  "avg_r2": 0.992682546377182,
  "avg_mae": 0.0076881591230630875,
  "avg_rmse": 0.013812952796645076,
  "avg_smape": 71.58189564943314,
  "session": 25,
  "train_start": 1095000,
  "train_end": 1138800,
  "test_start": 1138800,
  "test_end": 1182600
}