{
  "r2": {
    "solar_power": 0.9968981742858887,
    "wind_power": 0.9942216873168945
  },
  "mae": {
    "solar_power": 0.010922416113317013,
    "wind_power": 0.003386921714991331
  },
  "rmse": {
    "solar_power": 0.01618889026109788,
    "wind_power": 0.005167895740969076
  },
  "smape": {
    "solar_power": 97.57880568504333,
    "wind_power": 39.97402787208557
  },
  "avg_r2": 0.9955599308013916,
  "avg_mae": 0.007154668914154172,
  "avg_rmse": 0.010678393001033478,
  "avg_smape": 68.77641677856445,
  "session": 4,
  "train_start": 175200,
  "train_end": 219000,
  "test_start": 219000,
  "test_end": 262800
}