{
  "r2": {
    "solar_power": 0.9968908429145813,
    "wind_power": 0.9940993785858154
  },
  "mae": {
    "solar_power": 0.010907887481153011,
    "wind_power": 0.0034167508129030466
  },
  "rmse": {
    "solar_power": 0.016208057478072274,
    "wind_power": 0.0052222928658776
  },
  "smape": {
    "solar_power": 97.61497974395752,
    "wind_power": 40.181323885917664
  },
  "avg_r2": 0.9954951107501984,
  "avg_mae": 0.007162319147028029,
  "avg_rmse": 0.010715175171974938,
  "avg_smape": 68.89815181493759,
  "session": 4,
  "train_start": 175200,
  "train_end": 219000,
  "test_start": 219000,
  "test_end": 262800,
  "training_time_seconds": 22.284891000017524,
  "inference_time_seconds": 13.189661299984436
}