{
  "r2": {
    "solar_power": 0.998428225517273,
    "wind_power": 0.9913542866706848
  },
  "mae": {
    "solar_power": 0.004225210752338171,
    "wind_power": 0.0035981687251478434
  },
  "rmse": {
    "solar_power": 0.008427283168192645,
    "wind_power": 0.006581203295158001
  },
  "smape": {
    "solar_power": 125.43108463287354,
    "wind_power": 27.909886837005615
  },
  "avg_r2": 0.9948912560939789,
  "avg_mae": 0.003911689738743007,
  "avg_rmse": 0.007504243231675323,
  "avg_smape": 76.67048573493958,
  "session": 11,
  "train_start": 481800,
  "train_end": 525600,
  "test_start": 525600,
  "test_end": 569400
}