{
  "r2": {
    "solar_power": 0.9984445571899414,
    "wind_power": 0.991046667098999
  },
  "mae": {
    "solar_power": 0.004252451937645674,
    "wind_power": 0.003699749242514372
  },
  "rmse": {
    "solar_power": 0.008383310408611414,
    "wind_power": 0.006697249437617411
  },
  "smape": {
    "solar_power": 125.42526721954346,
    "wind_power": 28.69163155555725
  },
  "avg_r2": 0.9947456121444702,
  "avg_mae": 0.003976100590080023,
  "avg_rmse": 0.007540279923114412,
  "avg_smape": 77.05844938755035,
  "session": 11,
  "train_start": 481800,
  "train_end": 525600,
  "test_start": 525600,
  "test_end": 569400,
  "training_time_seconds": 22.534897000005003,
  "inference_time_seconds": 12.850612499983981
}