{
  "r2": {
    "solar_power": 0.9947930574417114,
    "wind_power": 0.9925335049629211
  },
  "mae": {
    "solar_power": 0.012051345780491829,
    "wind_power": 0.0031105861999094486
  },
  "rmse": {
    "solar_power": 0.019605404926396817,
    "wind_power": 0.005435611982436256
  },
  "smape": {
    "solar_power": 107.35646486282349,
    "wind_power": 31.853270530700684
  },
  "avg_r2": 0.9936632812023163,
  "avg_mae": 0.007580965990200639,
  "avg_rmse": 0.012520508454416537,
  "avg_smape": 69.60486769676208,
  "session": 19,
  "train_start": 832200,
  "train_end": 876000,
  "test_start": 876000,
  "test_end": 919800,
  "training_time_seconds": 22.168631399981678,
  "inference_time_seconds": 12.575181299995165
}