{
  "r2": {
    "solar_power": 0.9947360157966614,
    "wind_power": 0.992546796798706
  },
  "mae": {
    "solar_power": 0.012108512222766876,
    "wind_power": 0.0031137228943407536
  },
  "rmse": {
    "solar_power": 0.019712485676486518,
    "wind_power": 0.005430776248172537
  },
  "smape": {
    "solar_power": 107.37780332565308,
    "wind_power": 33.053937554359436
  },
  "avg_r2": 0.9936414062976837,
  "avg_mae": 0.007611117558553815,
  "avg_rmse": 0.012571630962329527,
  "avg_smape": 70.21587044000626,
  "session": 19,
  "train_start": 832200,
  "train_end": 876000,
  "test_start": 876000,
  "test_end": 919800
}