{
  "r2": {
    "solar_power": 0.9942790269851685,
    "wind_power": 0.9945845603942871
  },
  "mae": {
    "solar_power": 0.011619769968092442,
    "wind_power": 0.0026559261605143547
  },
  "rmse": {
    "solar_power": 0.019893556633049817,
    "wind_power": 0.0033646086713496498
  },
  "smape": {
    "solar_power": 106.3309907913208,
    "wind_power": 49.981749057769775
  },
  "avg_r2": 0.9944317936897278,
  "avg_mae": 0.007137848064303398,
  "avg_rmse": 0.011629082652199734,
  "avg_smape": 78.15636992454529,
  "session": 31,
  "train_start": 1357800,
  "train_end": 1401600,
  "test_start": 1401600,
  "test_end": 1445400,
  "training_time_seconds": 22.226424799999222,
  "inference_time_seconds": 13.031642699963413
}