{
  "r2": {
    "solar_power": 0.9942074418067932,
    "wind_power": 0.9945774674415588
  },
  "mae": {
    "solar_power": 0.011612842790782452,
    "wind_power": 0.0026869787834584713
  },
  "rmse": {
    "solar_power": 0.020017692144167643,
    "wind_power": 0.0033668078882796403
  },
  "smape": {
    "solar_power": 106.35688304901123,
    "wind_power": 50.87530016899109
  },
  "avg_r2": 0.994392454624176,
  "avg_mae": 0.0071499107871204615,
  "avg_rmse": 0.011692250016223642,
  "avg_smape": 78.61609160900116,
  "session": 31,
  "train_start": 1357800,
  "train_end": 1401600,
  "test_start": 1401600,
  "test_end": 1445400
}