{
  "r2": {
    "solar_power": 0.9983541369438171,
    "wind_power": 0.9862757325172424
  },
  "mae": {
    "solar_power": 0.004480287898331881,
    "wind_power": 0.004786462523043156
  },
  "rmse": {
    "solar_power": 0.008623581958253013,
    "wind_power": 0.008291807214822188
  },
  "smape": {
    "solar_power": 125.35802125930786,
    "wind_power": 38.06305527687073
  },
  "avg_r2": 0.9923149347305298,
  "avg_mae": 0.004633375210687518,
  "avg_rmse": 0.008457694586537601,
  "avg_smape": 81.7105382680893,
  "session": 11,
  "train_start": 481800,
  "train_end": 525600,
  "test_start": 525600,
  "test_end": 569400,
  "training_time_seconds": 18.487365900014993,
  "inference_time_seconds": 0.2496955000096932
}