{
  "r2": {
    "solar_power": 0.9941638708114624,
    "wind_power": 0.99444979429245
  },
  "mae": {
    "solar_power": 0.012827934697270393,
    "wind_power": 0.003146811854094267
  },
  "rmse": {
    "solar_power": 0.021145929154678497,
    "wind_power": 0.0045101977794906245
  },
  "smape": {
    "solar_power": 102.35003232955933,
    "wind_power": 34.79529023170471
  },
  "avg_r2": 0.9943068325519562,
  "avg_mae": 0.00798737327568233,
  "avg_rmse": 0.012828063467084561,
  "avg_smape": 68.57266128063202,
  "session": 14,
  "train_start": 613200,
  "train_end": 657000,
  "test_start": 657000,
  "test_end": 700800,
  "training_time_seconds": 22.236754500016104,
  "inference_time_seconds": 13.17259600001853
}