{
  "r2": {
    "solar_power": 0.9941457509994507,
    "wind_power": 0.9945600628852844
  },
  "mae": {
    "solar_power": 0.012918190099298954,
    "wind_power": 0.0031012892723083496
  },
  "rmse": {
    "solar_power": 0.021178771847417323,
    "wind_power": 0.00446516323741713
  },
  "smape": {
    "solar_power": 102.27723121643066,
    "wind_power": 33.711567521095276
  },
  "avg_r2": 0.9943529069423676,
  "avg_mae": 0.008009739685803652,
  "avg_rmse": 0.012821967542417226,
  "avg_smape": 67.99439936876297,
  "session": 14,
  "train_start": 613200,
  "train_end": 657000,
  "test_start": 657000,
  "test_end": 700800
}