{
  "r2": {
    "solar_power": 0.9942387938499451,
    "wind_power": 0.9974043965339661
  },
  "mae": {
    "solar_power": 0.009471802972257137,
    "wind_power": 0.0029495474882423878
  },
  "rmse": {
    "solar_power": 0.017406233301756106,
    "wind_power": 0.005795536492936285
  },
  "smape": {
    "solar_power": 120.53087949752808,
    "wind_power": 21.842770278453827
  },
  "avg_r2": 0.9958215951919556,
  "avg_mae": 0.0062106752302497625,
  "avg_rmse": 0.011600884897346196,
  "avg_smape": 71.18682488799095,
  "session": 12,
  "train_start": 525600,
  "train_end": 569400,
  "test_start": 569400,
  "test_end": 613200
}