{
  "r2": {
    "solar_power": 0.9824089407920837,
    "wind_power": 0.991958737373352
  },
  "mae": {
    "solar_power": 0.0234847255051136,
    "wind_power": 0.003867966588586569
  },
  "rmse": {
    "solar_power": 0.03490669035036157,
    "wind_power": 0.006254647248274643
  },
  "smape": {
    "solar_power": 98.96852374076843,
    "wind_power": 34.02394354343414
  },
  "avg_r2": 0.9871838390827179,
  "avg_mae": 0.013676346046850085,
  "avg_rmse": 0.020580668799318108,
  "avg_smape": 66.49623364210129,
  "session": 3,
  "train_start": 131400,
  "train_end": 175200,
  "test_start": 175200,
  "test_end": 219000
}