{
  "r2": {
    "solar_power": 0.9990618824958801,
    "wind_power": 0.9953389763832092
  },
  "mae": {
    "solar_power": 0.00546565605327487,
    "wind_power": 0.002334612887352705
  },
  "rmse": {
    "solar_power": 0.008764756140272981,
    "wind_power": 0.003800895279494419
  },
  "smape": {
    "solar_power": 90.91678261756897,
    "wind_power": 30.14032542705536
  },
  "avg_r2": 0.9972004294395447,
  "avg_mae": 0.0039001344703137875,
  "avg_rmse": 0.0062828257098837,
  "avg_smape": 60.528554022312164,
  "session": 17,
  "train_start": 744600,
  "train_end": 788400,
  "test_start": 788400,
  "test_end": 832200
}