{
  "r2": {
    "solar_power": 0.999064028263092,
    "wind_power": 0.995313286781311
  },
  "mae": {
    "solar_power": 0.005483856424689293,
    "wind_power": 0.0023435535840690136
  },
  "rmse": {
    "solar_power": 0.008754579796257076,
    "wind_power": 0.0038113535293138635
  },
  "smape": {
    "solar_power": 91.00595712661743,
    "wind_power": 29.680046439170837
  },
  "avg_r2": 0.9971886575222015,
  "avg_mae": 0.003913705004379153,
  "avg_rmse": 0.00628296666278547,
  "avg_smape": 60.343001782894135,
  "session": 17,
  "train_start": 744600,
  "train_end": 788400,
  "test_start": 788400,
  "test_end": 832200,
  "training_time_seconds": 22.15579649998108,
  "inference_time_seconds": 12.384173900005408
}