{
  "r2": {
    "solar_power": 0.996608316898346,
    "wind_power": 0.9893174171447754
  },
  "mae": {
    "solar_power": 0.008255585096776485,
    "wind_power": 0.003943823277950287
  },
  "rmse": {
    "solar_power": 0.013992166570434008,
    "wind_power": 0.006748888671682698
  },
  "smape": {
    "solar_power": 123.66610765457153,
    "wind_power": 43.379226326942444
  },
  "avg_r2": 0.9929628670215607,
  "avg_mae": 0.006099704187363386,
  "avg_rmse": 0.010370527621058353,
  "avg_smape": 83.52266699075699,
  "session": 23,
  "train_start": 1007400,
  "train_end": 1051200,
  "test_start": 1051200,
  "test_end": 1095000
}