{
  "r2": {
    "solar_power": 0.9966284036636353,
    "wind_power": 0.9886035919189453
  },
  "mae": {
    "solar_power": 0.008316867053508759,
    "wind_power": 0.0040475414134562016
  },
  "rmse": {
    "solar_power": 0.013950765664508563,
    "wind_power": 0.0069707236150226394
  },
  "smape": {
    "solar_power": 123.62785339355469,
    "wind_power": 44.677770137786865
  },
  "avg_r2": 0.9926159977912903,
  "avg_mae": 0.00618220423348248,
  "avg_rmse": 0.0104607446397656,
  "avg_smape": 84.15281176567078,
  "session": 23,
  "train_start": 1007400,
  "train_end": 1051200,
  "test_start": 1051200,
  "test_end": 1095000,
  "training_time_seconds": 22.07583019998856,
  "inference_time_seconds": 12.277778099989519
}