{
  "r2": {
    "solar_power": 0.9975181221961975,
    "wind_power": 0.997496485710144
  },
  "mae": {
    "solar_power": 0.006674929987639189,
    "wind_power": 0.0025164491962641478
  },
  "rmse": {
    "solar_power": 0.012153552450857395,
    "wind_power": 0.004438842043265379
  },
  "smape": {
    "solar_power": 95.96760272979736,
    "wind_power": 34.77534055709839
  },
  "avg_r2": 0.9975073039531708,
  "avg_mae": 0.004595689591951668,
  "avg_rmse": 0.008296197247061387,
  "avg_smape": 65.37147164344788,
  "session": 15,
  "train_start": 657000,
  "train_end": 700800,
  "test_start": 700800,
  "test_end": 744600
}