{
  "r2": {
    "solar_power": 0.9992414712905884,
    "wind_power": 0.9967257976531982
  },
  "mae": {
    "solar_power": 0.0049670785665512085,
    "wind_power": 0.0025868830271065235
  },
  "rmse": {
    "solar_power": 0.00804820350463105,
    "wind_power": 0.003871328915140672
  },
  "smape": {
    "solar_power": 90.3684914112091,
    "wind_power": 54.67630624771118
  },
  "avg_r2": 0.9979836344718933,
  "avg_mae": 0.003776980796828866,
  "avg_rmse": 0.005959766209885861,
  "avg_smape": 72.52239882946014,
  "session": 29,
  "train_start": 1270200,
  "train_end": 1314000,
  "test_start": 1314000,
  "test_end": 1357800
}