{
  "r2": {
    "solar_power": 0.9958477020263672,
    "wind_power": 0.9888157844543457
  },
  "mae": {
    "solar_power": 0.010823965072631836,
    "wind_power": 0.0054936399683356285
  },
  "rmse": {
    "solar_power": 0.01783646546965914,
    "wind_power": 0.006402407983210542
  },
  "smape": {
    "solar_power": 101.86327695846558,
    "wind_power": 103.99364233016968
  },
  "avg_r2": 0.9923317432403564,
  "avg_mae": 0.008158802520483732,
  "avg_rmse": 0.012119436726434842,
  "avg_smape": 102.92845964431763,
  "session": 14,
  "train_start": 613200,
  "train_end": 657000,
  "test_start": 657000,
  "test_end": 700800,
  "training_time_seconds": 18.170421899994835,
  "inference_time_seconds": 0.25839840003754944
}