{
  "r2": {
    "solar_power": 0.994864284992218,
    "wind_power": 0.9944141507148743
  },
  "mae": {
    "solar_power": 0.011083141900599003,
    "wind_power": 0.003031864296644926
  },
  "rmse": {
    "solar_power": 0.018101103912620993,
    "wind_power": 0.006612466871395592
  },
  "smape": {
    "solar_power": 116.33557081222534,
    "wind_power": 41.190844774246216
  },
  "avg_r2": 0.9946392178535461,
  "avg_mae": 0.0070575030986219645,
  "avg_rmse": 0.012356785392008292,
  "avg_smape": 78.76320779323578,
  "session": 32,
  "train_start": 1401600,
  "train_end": 1445400,
  "test_start": 1445400,
  "test_end": 1489200,
  "training_time_seconds": 22.251148299954366,
  "inference_time_seconds": 13.053316899982747
}