{
  "r2": {
    "solar_power": 0.9948381185531616,
    "wind_power": 0.9944703578948975
  },
  "mae": {
    "solar_power": 0.011102423071861267,
    "wind_power": 0.00293217645958066
  },
  "rmse": {
    "solar_power": 0.01814710629333287,
    "wind_power": 0.00657911980176144
  },
  "smape": {
    "solar_power": 116.35478734970093,
    "wind_power": 37.83564865589142
  },
  "avg_r2": 0.9946542382240295,
  "avg_mae": 0.0070172997657209635,
  "avg_rmse": 0.012363113047547156,
  "avg_smape": 77.09521800279617,
  "session": 32,
  "train_start": 1401600,
  "train_end": 1445400,
  "test_start": 1445400,
  "test_end": 1489200
}