{
  "r2": {
    "solar_power": 0.9942200183868408,
    "wind_power": 0.9924405217170715
  },
  "mae": {
    "solar_power": 0.011718930676579475,
    "wind_power": 0.0026344601064920425
  },
  "rmse": {
    "solar_power": 0.01999590223585443,
    "wind_power": 0.0039752328108266614
  },
  "smape": {
    "solar_power": 106.2156081199646,
    "wind_power": 43.286991119384766
  },
  "avg_r2": 0.9933302700519562,
  "avg_mae": 0.007176695391535759,
  "avg_rmse": 0.011985567523340545,
  "avg_smape": 74.75129961967468,
  "session": 31,
  "train_start": 1357800,
  "train_end": 1401600,
  "test_start": 1401600,
  "test_end": 1445400,
  "training_time_seconds": 22.088894199987408,
  "inference_time_seconds": 12.568862200016156
}