{
  "r2": {
    "solar_power": 0.9942433834075928,
    "wind_power": 0.9924182891845703
  },
  "mae": {
    "solar_power": 0.011637561954557896,
    "wind_power": 0.0026144967414438725
  },
  "rmse": {
    "solar_power": 0.019955409537514148,
    "wind_power": 0.003981077538101272
  },
  "smape": {
    "solar_power": 106.192946434021,
    "wind_power": 43.12062859535217
  },
  "avg_r2": 0.9933308362960815,
  "avg_mae": 0.007126029348000884,
  "avg_rmse": 0.01196824353780771,
  "avg_smape": 74.65678751468658,
  "session": 31,
  "train_start": 1357800,
  "train_end": 1401600,
  "test_start": 1401600,
  "test_end": 1445400
}