{
  "r2": {
    "solar_power": 0.9942931532859802,
    "wind_power": 0.988440990447998
  },
  "mae": {
    "solar_power": 0.009309142827987671,
    "wind_power": 0.006101266015321016
  },
  "rmse": {
    "solar_power": 0.01732390910143909,
    "wind_power": 0.012230281741177027
  },
  "smape": {
    "solar_power": 123.2740044593811,
    "wind_power": 29.398784041404724
  },
  "avg_r2": 0.9913670718669891,
  "avg_mae": 0.007705204421654344,
  "avg_rmse": 0.014777095421308058,
  "avg_smape": 76.33639425039291,
  "session": 12,
  "train_start": 525600,
  "train_end": 569400,
  "test_start": 569400,
  "test_end": 613200
}