{
  "r2": {
    "solar_power": 0.9943376779556274,
    "wind_power": 0.988500714302063
  },
  "mae": {
    "solar_power": 0.009208481758832932,
    "wind_power": 0.006103310268372297
  },
  "rmse": {
    "solar_power": 0.01725624341488795,
    "wind_power": 0.01219867122005752
  },
  "smape": {
    "solar_power": 123.03241491317749,
    "wind_power": 29.73977029323578
  },
  "avg_r2": 0.9914191961288452,
  "avg_mae": 0.007655896013602614,
  "avg_rmse": 0.014727457317472735,
  "avg_smape": 76.38609260320663,
  "session": 12,
  "train_start": 525600,
  "train_end": 569400,
  "test_start": 569400,
  "test_end": 613200,
  "training_time_seconds": 22.178170100029092,
  "inference_time_seconds": 13.237366300018039
}