{
  "r2": {
    "solar_power": 0.9967222809791565,
    "wind_power": 0.9944889545440674
  },
  "mae": {
    "solar_power": 0.009118656627833843,
    "wind_power": 0.0044986591674387455
  },
  "rmse": {
    "solar_power": 0.013966856491320111,
    "wind_power": 0.006585810788869173
  },
  "smape": {
    "solar_power": 100.39317607879639,
    "wind_power": 34.171125292778015
  },
  "avg_r2": 0.9956056177616119,
  "avg_mae": 0.006808657897636294,
  "avg_rmse": 0.010276333640094643,
  "avg_smape": 67.2821506857872,
  "session": 15,
  "train_start": 657000,
  "train_end": 700800,
  "test_start": 700800,
  "test_end": 744600,
  "training_time_seconds": 23.06772930000443,
  "inference_time_seconds": 13.319752499985043
}