{
  "r2": {
    "solar_power": 0.9966620206832886,
    "wind_power": 0.9943491220474243
  },
  "mae": {
    "solar_power": 0.00916434545069933,
    "wind_power": 0.004597112536430359
  },
  "rmse": {
    "solar_power": 0.014094668878532276,
    "wind_power": 0.006668833040965258
  },
  "smape": {
    "solar_power": 100.40100812911987,
    "wind_power": 35.368913412094116
  },
  "avg_r2": 0.9955055713653564,
  "avg_mae": 0.006880728993564844,
  "avg_rmse": 0.010381750959748767,
  "avg_smape": 67.884960770607,
  "session": 15,
  "train_start": 657000,
  "train_end": 700800,
  "test_start": 700800,
  "test_end": 744600
}