{
  "r2": {
    "solar_power": 0.9948675036430359,
    "wind_power": 0.9951881766319275
  },
  "mae": {
    "solar_power": 0.012261143885552883,
    "wind_power": 0.0027478619012981653
  },
  "rmse": {
    "solar_power": 0.019938777083345096,
    "wind_power": 0.004675742145205904
  },
  "smape": {
    "solar_power": 100.13937950134277,
    "wind_power": 22.789236903190613
  },
  "avg_r2": 0.9950278401374817,
  "avg_mae": 0.007504502893425524,
  "avg_rmse": 0.0123072596142755,
  "avg_smape": 61.46430820226669,
  "session": 30,
  "train_start": 1314000,
  "train_end": 1357800,
  "test_start": 1357800,
  "test_end": 1401600
}