{
  "r2": {
    "solar_power": 0.9984343647956848,
    "wind_power": 0.9934179186820984
  },
  "mae": {
    "solar_power": 0.0038650869391858578,
    "wind_power": 0.0028921684715896845
  },
  "rmse": {
    "solar_power": 0.008410798481112217,
    "wind_power": 0.005742311512307802
  },
  "smape": {
    "solar_power": 126.0722279548645,
    "wind_power": 39.029666781425476
  },
  "avg_r2": 0.9959261417388916,
  "avg_mae": 0.003378627705387771,
  "avg_rmse": 0.007076554996710009,
  "avg_smape": 82.55094736814499,
  "session": 11,
  "train_start": 481800,
  "train_end": 525600,
  "test_start": 525600,
  "test_end": 569400
}