{
  "r2": {
    "solar_power": 0.9963812232017517,
    "wind_power": 0.9968236088752747
  },
  "mae": {
    "solar_power": 0.008218353614211082,
    "wind_power": 0.0029965450521558523
  },
  "rmse": {
    "solar_power": 0.014386201054973782,
    "wind_power": 0.005598899025820107
  },
  "smape": {
    "solar_power": 122.69710302352905,
    "wind_power": 31.421196460723877
  },
  "avg_r2": 0.9966024160385132,
  "avg_mae": 0.005607449333183467,
  "avg_rmse": 0.009992550040396946,
  "avg_smape": 77.05914974212646,
  "session": 9,
  "train_start": 394200,
  "train_end": 438000,
  "test_start": 438000,
  "test_end": 481800,
  "training_time_seconds": 22.275266200012993,
  "inference_time_seconds": 12.862823900009971
}