{
  "r2": {
    "solar_power": 0.9963633418083191,
    "wind_power": 0.9968891739845276
  },
  "mae": {
    "solar_power": 0.008282111957669258,
    "wind_power": 0.002976015442982316
  },
  "rmse": {
    "solar_power": 0.01442169950584196,
    "wind_power": 0.005540809368584766
  },
  "smape": {
    "solar_power": 122.7903962135315,
    "wind_power": 31.33087456226349
  },
  "avg_r2": 0.9966262578964233,
  "avg_mae": 0.005629063700325787,
  "avg_rmse": 0.009981254437213363,
  "avg_smape": 77.06063538789749,
  "session": 9,
  "train_start": 394200,
  "train_end": 438000,
  "test_start": 438000,
  "test_end": 481800
}