{
  "r2": {
    "solar_power": 0.9900412559509277,
    "wind_power": 0.9945452213287354
  },
  "mae": {
    "solar_power": 0.016401035711169243,
    "wind_power": 0.003373926505446434
  },
  "rmse": {
    "solar_power": 0.0258922216509995,
    "wind_power": 0.004588481256666941
  },
  "smape": {
    "solar_power": 106.85398578643799,
    "wind_power": 35.71903705596924
  },
  "avg_r2": 0.9922932386398315,
  "avg_mae": 0.009887481108307838,
  "avg_rmse": 0.01524035145383322,
  "avg_smape": 71.28651142120361,
  "session": 26,
  "train_start": 1138800,
  "train_end": 1182600,
  "test_start": 1182600,
  "test_end": 1226400
}