{
  "r2": {
    "solar_power": 0.9900195002555847,
    "wind_power": 0.9947420358657837
  },
  "mae": {
    "solar_power": 0.0164930559694767,
    "wind_power": 0.0033052517101168633
  },
  "rmse": {
    "solar_power": 0.025920511710643565,
    "wind_power": 0.004504945695116409
  },
  "smape": {
    "solar_power": 106.87706470489502,
    "wind_power": 34.64672863483429
  },
  "avg_r2": 0.9923807680606842,
  "avg_mae": 0.009899153839796782,
  "avg_rmse": 0.015212728702879987,
  "avg_smape": 70.76189666986465,
  "session": 26,
  "train_start": 1138800,
  "train_end": 1182600,
  "test_start": 1182600,
  "test_end": 1226400,
  "training_time_seconds": 22.02118119999068,
  "inference_time_seconds": 12.858130100008566
}