{
  "r2": {
    "solar_power": 0.9996604323387146,
    "wind_power": 0.988845705986023
  },
  "mae": {
    "solar_power": 0.002894378500059247,
    "wind_power": 0.005734781734645367
  },
  "rmse": {
    "solar_power": 0.005189740186702584,
    "wind_power": 0.009101749764739491
  },
  "smape": {
    "solar_power": 89.2704963684082,
    "wind_power": 52.173423767089844
  },
  "avg_r2": 0.9942530691623688,
  "avg_mae": 0.004314580117352307,
  "avg_rmse": 0.007145744975721038,
  "avg_smape": 70.72196006774902,
  "session": 28,
  "train_start": 1226400,
  "train_end": 1270200,
  "test_start": 1270200,
  "test_end": 1314000,
  "training_time_seconds": 18.317322199989576,
  "inference_time_seconds": 0.25195020000683144
}