{
  "r2": {
    "solar_power": 0.9857898354530334,
    "wind_power": 0.9956277012825012
  },
  "mae": {
    "solar_power": 0.022407755255699158,
    "wind_power": 0.0022392526734620333
  },
  "rmse": {
    "solar_power": 0.03428456530616394,
    "wind_power": 0.0037271380991654415
  },
  "smape": {
    "solar_power": 109.6792459487915,
    "wind_power": 33.9912086725235
  },
  "avg_r2": 0.9907087683677673,
  "avg_mae": 0.012323503964580595,
  "avg_rmse": 0.01900585170266469,
  "avg_smape": 71.8352273106575,
  "session": 7,
  "train_start": 306600,
  "train_end": 350400,
  "test_start": 350400,
  "test_end": 394200,
  "training_time_seconds": 22.319278899987694,
  "inference_time_seconds": 12.963511999987531
}