{
  "r2": {
    "solar_power": 0.9857725501060486,
    "wind_power": 0.9954763054847717
  },
  "mae": {
    "solar_power": 0.022394204512238503,
    "wind_power": 0.0022513289004564285
  },
  "rmse": {
    "solar_power": 0.034305395836185915,
    "wind_power": 0.0037911402997142674
  },
  "smape": {
    "solar_power": 109.6442699432373,
    "wind_power": 33.32430720329285
  },
  "avg_r2": 0.9906244277954102,
  "avg_mae": 0.012322766706347466,
  "avg_rmse": 0.01904826806795009,
  "avg_smape": 71.48428857326508,
  "session": 7,
  "train_start": 306600,
  "train_end": 350400,
  "test_start": 350400,
  "test_end": 394200
}