{
  "r2": {
    "solar_power": 0.9944046139717102,
    "wind_power": 0.996381402015686
  },
  "mae": {
    "solar_power": 0.00898576620966196,
    "wind_power": 0.0033335331827402115
  },
  "rmse": {
    "solar_power": 0.017153958556595884,
    "wind_power": 0.006842996207760551
  },
  "smape": {
    "solar_power": 120.76830863952637,
    "wind_power": 32.14060068130493
  },
  "avg_r2": 0.9953930079936981,
  "avg_mae": 0.006159649696201086,
  "avg_rmse": 0.011998477382178217,
  "avg_smape": 76.45445466041565,
  "session": 12,
  "train_start": 525600,
  "train_end": 569400,
  "test_start": 569400,
  "test_end": 613200,
  "training_time_seconds": 18.8124568000203,
  "inference_time_seconds": 0.2602183999842964
}