{
  "r2": {
    "solar_power": 0.9985890984535217,
    "wind_power": 0.9748263955116272
  },
  "mae": {
    "solar_power": 0.006903835106641054,
    "wind_power": 0.005759161431342363
  },
  "rmse": {
    "solar_power": 0.010748673642879328,
    "wind_power": 0.008833204787015516
  },
  "smape": {
    "solar_power": 89.98852968215942,
    "wind_power": 88.60483765602112
  },
  "avg_r2": 0.9867077469825745,
  "avg_mae": 0.006331498268991709,
  "avg_rmse": 0.009790939214947423,
  "avg_smape": 89.29668366909027,
  "session": 17,
  "train_start": 744600,
  "train_end": 788400,
  "test_start": 788400,
  "test_end": 832200,
  "training_time_seconds": 18.322529700002633,
  "inference_time_seconds": 0.2515921999583952
}