{
  "r2": {
    "solar_power": 0.9931743741035461,
    "wind_power": 0.9797683954238892
  },
  "mae": {
    "solar_power": 0.01450594887137413,
    "wind_power": 0.0053613558411598206
  },
  "rmse": {
    "solar_power": 0.022806639051114724,
    "wind_power": 0.009263405399372496
  },
  "smape": {
    "solar_power": 100.49605369567871,
    "wind_power": 75.0525176525116
  },
  "avg_r2": 0.9864713847637177,
  "avg_mae": 0.009933652356266975,
  "avg_rmse": 0.01603502222524361,
  "avg_smape": 87.77428567409515,
  "session": 6,
  "train_start": 262800,
  "train_end": 306600,
  "test_start": 306600,
  "test_end": 350400
}