{
  "r2": {
    "solar_power": 0.9931789040565491,
    "wind_power": 0.9802132844924927
  },
  "mae": {
    "solar_power": 0.014460880309343338,
    "wind_power": 0.00526990694925189
  },
  "rmse": {
    "solar_power": 0.02279906917334463,
    "wind_power": 0.009160993696375809
  },
  "smape": {
    "solar_power": 100.58913230895996,
    "wind_power": 68.51391792297363
  },
  "avg_r2": 0.9866960942745209,
  "avg_mae": 0.009865393629297614,
  "avg_rmse": 0.01598003143486022,
  "avg_smape": 84.5515251159668,
  "session": 6,
  "train_start": 262800,
  "train_end": 306600,
  "test_start": 306600,
  "test_end": 350400,
  "training_time_seconds": 22.206367600010708,
  "inference_time_seconds": 12.500416200025938
}