{
  "r2": {
    "solar_power": 0.9930660724639893,
    "wind_power": 0.9735396504402161
  },
  "mae": {
    "solar_power": 0.01400615181773901,
    "wind_power": 0.006669648457318544
  },
  "rmse": {
    "solar_power": 0.021915521115235714,
    "wind_power": 0.01134587484536955
  },
  "smape": {
    "solar_power": 97.19415307044983,
    "wind_power": 27.916350960731506
  },
  "avg_r2": 0.9833028614521027,
  "avg_mae": 0.010337900137528777,
  "avg_rmse": 0.01663069798030263,
  "avg_smape": 62.55525201559067,
  "session": 3,
  "train_start": 131400,
  "train_end": 175200,
  "test_start": 175200,
  "test_end": 219000,
  "training_time_seconds": 22.23671279998962,
  "inference_time_seconds": 12.97396239999216
}