{
  "r2": {
    "solar_power": 0.9930711984634399,
    "wind_power": 0.9738465547561646
  },
  "mae": {
    "solar_power": 0.013970918953418732,
    "wind_power": 0.006671024952083826
  },
  "rmse": {
    "solar_power": 0.021907477265943935,
    "wind_power": 0.011279888235624922
  },
  "smape": {
    "solar_power": 97.3223090171814,
    "wind_power": 27.134740352630615
  },
  "avg_r2": 0.9834588766098022,
  "avg_mae": 0.010320971952751279,
  "avg_rmse": 0.01659368275078443,
  "avg_smape": 62.228524684906006,
  "session": 3,
  "train_start": 131400,
  "train_end": 175200,
  "test_start": 175200,
  "test_end": 219000
}