{
  "r2": {
    "solar_power": 0.9984869956970215,
    "wind_power": 0.9880995154380798
  },
  "mae": {
    "solar_power": 0.007259563077241182,
    "wind_power": 0.005562266800552607
  },
  "rmse": {
    "solar_power": 0.01095511751719153,
    "wind_power": 0.00940126510761139
  },
  "smape": {
    "solar_power": 90.87240099906921,
    "wind_power": 33.69984328746796
  },
  "avg_r2": 0.9932932555675507,
  "avg_mae": 0.0064109149388968945,
  "avg_rmse": 0.010178191312401458,
  "avg_smape": 62.286122143268585,
  "session": 28,
  "train_start": 1226400,
  "train_end": 1270200,
  "test_start": 1270200,
  "test_end": 1314000,
  "training_time_seconds": 22.19835330004571,
  "inference_time_seconds": 12.857253100024536
}