{
  "r2": {
    "solar_power": 0.9985189437866211,
    "wind_power": 0.9882038831710815
  },
  "mae": {
    "solar_power": 0.007149670273065567,
    "wind_power": 0.005559367127716541
  },
  "rmse": {
    "solar_power": 0.010838805948551532,
    "wind_power": 0.009359956958996888
  },
  "smape": {
    "solar_power": 90.81646800041199,
    "wind_power": 34.11521017551422
  },
  "avg_r2": 0.9933614134788513,
  "avg_mae": 0.006354518700391054,
  "avg_rmse": 0.01009938145377421,
  "avg_smape": 62.465839087963104,
  "session": 28,
  "train_start": 1226400,
  "train_end": 1270200,
  "test_start": 1270200,
  "test_end": 1314000
}