{
  "r2": {
    "solar_power": 0.9968276023864746,
    "wind_power": 0.9934359192848206
  },
  "mae": {
    "solar_power": 0.00906064547598362,
    "wind_power": 0.004364278633147478
  },
  "rmse": {
    "solar_power": 0.01374066451808564,
    "wind_power": 0.007187516039381453
  },
  "smape": {
    "solar_power": 100.48528909683228,
    "wind_power": 31.171590089797974
  },
  "avg_r2": 0.9951317608356476,
  "avg_mae": 0.006712462054565549,
  "avg_rmse": 0.010464090278733545,
  "avg_smape": 65.82843959331512,
  "session": 15,
  "train_start": 657000,
  "train_end": 700800,
  "test_start": 700800,
  "test_end": 744600
}