{
  "r2": {
    "solar_power": 0.9969040751457214,
    "wind_power": 0.9933123588562012
  },
  "mae": {
    "solar_power": 0.009001369588077068,
    "wind_power": 0.00438219029456377
  },
  "rmse": {
    "solar_power": 0.013573996002613204,
    "wind_power": 0.007254855957689517
  },
  "smape": {
    "solar_power": 100.3175139427185,
    "wind_power": 30.487865209579468
  },
  "avg_r2": 0.9951082170009613,
  "avg_mae": 0.006691779941320419,
  "avg_rmse": 0.01041442598015136,
  "avg_smape": 65.40268957614899,
  "session": 15,
  "train_start": 657000,
  "train_end": 700800,
  "test_start": 700800,
  "test_end": 744600,
  "training_time_seconds": 22.412347400037106,
  "inference_time_seconds": 12.935166500043124
}