{
  "r2": {
    "solar_power": 0.998635470867157,
    "wind_power": 0.9915595650672913
  },
  "mae": {
    "solar_power": 0.004592849873006344,
    "wind_power": 0.0042705535888671875
  },
  "rmse": {
    "solar_power": 0.008875020467114816,
    "wind_power": 0.005998967740829471
  },
  "smape": {
    "solar_power": 122.76637554168701,
    "wind_power": 73.64688515663147
  },
  "avg_r2": 0.9950975179672241,
  "avg_mae": 0.004431701730936766,
  "avg_rmse": 0.007436994103972144,
  "avg_smape": 98.20663034915924,
  "session": 23,
  "train_start": 1007400,
  "train_end": 1051200,
  "test_start": 1051200,
  "test_end": 1095000,
  "training_time_seconds": 18.37325330002932,
  "inference_time_seconds": 0.2568029999965802
}