{
  "r2": {
    "solar_power": 0.9952711462974548,
    "wind_power": 0.991631031036377
  },
  "mae": {
    "solar_power": 0.012308908626437187,
    "wind_power": 0.005504438653588295
  },
  "rmse": {
    "solar_power": 0.019350187903725644,
    "wind_power": 0.009049812717831417
  },
  "smape": {
    "solar_power": 101.56728029251099,
    "wind_power": 41.39465391635895
  },
  "avg_r2": 0.9934510886669159,
  "avg_mae": 0.008906673640012741,
  "avg_rmse": 0.01420000031077853,
  "avg_smape": 71.48096710443497,
  "session": 2,
  "train_start": 87600,
  "train_end": 131400,
  "test_start": 131400,
  "test_end": 175200,
  "training_time_seconds": 21.96986080001807,
  "inference_time_seconds": 12.32608299999265
}