{
  "r2": {
    "solar_power": 0.995294451713562,
    "wind_power": 0.9912458658218384
  },
  "mae": {
    "solar_power": 0.012227825820446014,
    "wind_power": 0.00561793427914381
  },
  "rmse": {
    "solar_power": 0.019302371179633224,
    "wind_power": 0.009255702413547003
  },
  "smape": {
    "solar_power": 101.59682035446167,
    "wind_power": 42.38406419754028
  },
  "avg_r2": 0.9932701587677002,
  "avg_mae": 0.008922880049794912,
  "avg_rmse": 0.014279036796590113,
  "avg_smape": 71.99044227600098,
  "session": 2,
  "train_start": 87600,
  "train_end": 131400,
  "test_start": 131400,
  "test_end": 175200
}