{
  "r2": {
    "solar_power": 0.9950960278511047,
    "wind_power": 0.9792945384979248
  },
  "mae": {
    "solar_power": 0.01214768085628748,
    "wind_power": 0.007083278615027666
  },
  "rmse": {
    "solar_power": 0.019687013591706756,
    "wind_power": 0.01627419958021932
  },
  "smape": {
    "solar_power": 115.23079872131348,
    "wind_power": 50.57300925254822
  },
  "avg_r2": 0.9871952831745148,
  "avg_mae": 0.009615479735657573,
  "avg_rmse": 0.017980606585963038,
  "avg_smape": 82.90190398693085,
  "session": 20,
  "train_start": 876000,
  "train_end": 919800,
  "test_start": 919800,
  "test_end": 963600,
  "training_time_seconds": 18.332389499992132,
  "inference_time_seconds": 0.2561449000495486
}