{
  "r2": {
    "solar_power": 0.9948444962501526,
    "wind_power": 0.9900113940238953
  },
  "mae": {
    "solar_power": 0.016060560941696167,
    "wind_power": 0.0043139224871993065
  },
  "rmse": {
    "solar_power": 0.020981993209772995,
    "wind_power": 0.00676177795201121
  },
  "smape": {
    "solar_power": 100.58956146240234,
    "wind_power": 58.3208441734314
  },
  "avg_r2": 0.9924279451370239,
  "avg_mae": 0.010187241714447737,
  "avg_rmse": 0.013871885580892102,
  "avg_smape": 79.45520281791687,
  "session": 29,
  "train_start": 1270200,
  "train_end": 1314000,
  "test_start": 1314000,
  "test_end": 1357800,
  "training_time_seconds": 21.9588131000055,
  "inference_time_seconds": 12.56441829999676
}