{
  "r2": {
    "solar_power": 0.9947614073753357,
    "wind_power": 0.9900627136230469
  },
  "mae": {
    "solar_power": 0.01633252389729023,
    "wind_power": 0.004287527408450842
  },
  "rmse": {
    "solar_power": 0.021150335024322817,
    "wind_power": 0.00674438908089202
  },
  "smape": {
    "solar_power": 100.71390867233276,
    "wind_power": 56.42937421798706
  },
  "avg_r2": 0.9924120604991913,
  "avg_mae": 0.010310025652870536,
  "avg_rmse": 0.013947362052607418,
  "avg_smape": 78.57164144515991,
  "session": 29,
  "train_start": 1270200,
  "train_end": 1314000,
  "test_start": 1314000,
  "test_end": 1357800
}