{
  "r2": {
    "solar_power": 0.9960414171218872,
    "wind_power": 0.9489098787307739
  },
  "mae": {
    "solar_power": 0.01306104939430952,
    "wind_power": 0.009579439647495747
  },
  "rmse": {
    "solar_power": 0.01828850850409334,
    "wind_power": 0.01536672894862638
  },
  "smape": {
    "solar_power": 98.79941940307617,
    "wind_power": 54.56541180610657
  },
  "avg_r2": 0.9724756479263306,
  "avg_mae": 0.011320244520902634,
  "avg_rmse": 0.01682761872635986,
  "avg_smape": 76.68241560459137,
  "session": 4,
  "train_start": 175200,
  "train_end": 219000,
  "test_start": 219000,
  "test_end": 262800
}