{
  "r2": {
    "solar_power": 0.9959930181503296,
    "wind_power": 0.9500596523284912
  },
  "mae": {
    "solar_power": 0.013257713988423347,
    "wind_power": 0.009516499936580658
  },
  "rmse": {
    "solar_power": 0.018400006309622303,
    "wind_power": 0.015192839199341023
  },
  "smape": {
    "solar_power": 98.96486401557922,
    "wind_power": 55.42634725570679
  },
  "avg_r2": 0.9730263352394104,
  "avg_mae": 0.011387106962502003,
  "avg_rmse": 0.016796422754481663,
  "avg_smape": 77.195605635643,
  "session": 4,
  "train_start": 175200,
  "train_end": 219000,
  "test_start": 219000,
  "test_end": 262800,
  "training_time_seconds": 21.909445900004357,
  "inference_time_seconds": 12.559161499957554
}