{
  "r2": {
    "solar_power": 0.9790852665901184,
    "wind_power": 0.9881350994110107
  },
  "mae": {
    "solar_power": 0.023598894476890564,
    "wind_power": 0.0062908087857067585
  },
  "rmse": {
    "solar_power": 0.03784247213191868,
    "wind_power": 0.00832755053393686
  },
  "smape": {
    "solar_power": 114.22033309936523,
    "wind_power": 101.21480226516724
  },
  "avg_r2": 0.9836101830005646,
  "avg_mae": 0.014944851631298661,
  "avg_rmse": 0.02308501133292777,
  "avg_smape": 107.71756768226624,
  "session": 1,
  "train_start": 43800,
  "train_end": 87600,
  "test_start": 87600,
  "test_end": 131400
}