{
  "r2": {
    "solar_power": 0.9980022311210632,
    "wind_power": 0.9898752570152283
  },
  "mae": {
    "solar_power": 0.008518061600625515,
    "wind_power": 0.0047315070405602455
  },
  "rmse": {
    "solar_power": 0.012769219757724281,
    "wind_power": 0.006944981677140351
  },
  "smape": {
    "solar_power": 95.38654088973999,
    "wind_power": 42.69072711467743
  },
  "avg_r2": 0.9939387440681458,
  "avg_mae": 0.00662478432059288,
  "avg_rmse": 0.009857100717432316,
  "avg_smape": 69.03863400220871,
  "session": 27,
  "train_start": 1182600,
  "train_end": 1226400,
  "test_start": 1226400,
  "test_end": 1270200
}