{
  "r2": {
    "solar_power": 0.9979916214942932,
    "wind_power": 0.9896647334098816
  },
  "mae": {
    "solar_power": 0.008458588272333145,
    "wind_power": 0.004814826883375645
  },
  "rmse": {
    "solar_power": 0.01280310039411696,
    "wind_power": 0.007016813919395171
  },
  "smape": {
    "solar_power": 95.34202814102173,
    "wind_power": 43.840402364730835
  },
  "avg_r2": 0.9938281774520874,
  "avg_mae": 0.006636707577854395,
  "avg_rmse": 0.009909957156756067,
  "avg_smape": 69.59121525287628,
  "session": 27,
  "train_start": 1182600,
  "train_end": 1226400,
  "test_start": 1226400,
  "test_end": 1270200,
  "training_time_seconds": 22.107499699981418,
  "inference_time_seconds": 12.584629899996798
}