{
  "r2": {
    "solar_power": 0.991823673248291,
    "wind_power": 0.9734418392181396
  },
  "mae": {
    "solar_power": 0.016448238864541054,
    "wind_power": 0.0067258863709867
  },
  "rmse": {
    "solar_power": 0.024916044374559847,
    "wind_power": 0.011452229467570307
  },
  "smape": {
    "solar_power": 117.17766523361206,
    "wind_power": 44.525644183158875
  },
  "avg_r2": 0.9826327562332153,
  "avg_mae": 0.011587062617763877,
  "avg_rmse": 0.018184136921065075,
  "avg_smape": 80.85165470838547,
  "session": 0,
  "train_start": 0,
  "train_end": 43800,
  "test_start": 43800,
  "test_end": 87600
}