{
  "r2": {
    "solar_power": 0.9918789863586426,
    "wind_power": 0.9750676155090332
  },
  "mae": {
    "solar_power": 0.016380177810788155,
    "wind_power": 0.006432998925447464
  },
  "rmse": {
    "solar_power": 0.024831657503167893,
    "wind_power": 0.011096170134781026
  },
  "smape": {
    "solar_power": 117.1520471572876,
    "wind_power": 41.93984568119049
  },
  "avg_r2": 0.9834733009338379,
  "avg_mae": 0.01140658836811781,
  "avg_rmse": 0.01796391381897446,
  "avg_smape": 79.54594641923904,
  "session": 0,
  "train_start": 0,
  "train_end": 43800,
  "test_start": 43800,
  "test_end": 87600,
  "training_time_seconds": 21.702427099982742,
  "inference_time_seconds": 15.788249499979429
}