{
  "r2": {
    "solar_power": 0.9992256760597229,
    "wind_power": 0.9888620972633362
  },
  "mae": {
    "solar_power": 0.005172672215849161,
    "wind_power": 0.005986751522868872
  },
  "rmse": {
    "solar_power": 0.007837225207423856,
    "wind_power": 0.00909506390811349
  },
  "smape": {
    "solar_power": 88.63606452941895,
    "wind_power": 78.6206305027008
  },
  "avg_r2": 0.9940438866615295,
  "avg_mae": 0.005579711869359016,
  "avg_rmse": 0.008466144557768673,
  "avg_smape": 83.62834751605988,
  "session": 28,
  "train_start": 1226400,
  "train_end": 1270200,
  "test_start": 1270200,
  "test_end": 1314000
}