{
  "r2": {
    "solar_power": 0.9862393140792847,
    "wind_power": 0.9922938942909241
  },
  "mae": {
    "solar_power": 0.017329100519418716,
    "wind_power": 0.0033550977241247892
  },
  "rmse": {
    "solar_power": 0.030435986165382765,
    "wind_power": 0.005453803520994166
  },
  "smape": {
    "solar_power": 103.34299802780151,
    "wind_power": 23.171070218086243
  },
  "avg_r2": 0.9892666041851044,
  "avg_mae": 0.010342099121771753,
  "avg_rmse": 0.017944894843188466,
  "avg_smape": 63.25703412294388,
  "session": 26,
  "train_start": 1138800,
  "train_end": 1182600,
  "test_start": 1182600,
  "test_end": 1226400,
  "training_time_seconds": 18.446321600000374,
  "inference_time_seconds": 0.2545584000181407
}