{
  "r2": {
    "solar_power": 0.9931705594062805,
    "wind_power": 0.9940639734268188
  },
  "mae": {
    "solar_power": 0.015052307397127151,
    "wind_power": 0.004512591753154993
  },
  "rmse": {
    "solar_power": 0.023254037839301578,
    "wind_power": 0.0076216832768470875
  },
  "smape": {
    "solar_power": 101.45679712295532,
    "wind_power": 49.14287030696869
  },
  "avg_r2": 0.9936172664165497,
  "avg_mae": 0.009782449575141072,
  "avg_rmse": 0.015437860558074333,
  "avg_smape": 75.299833714962,
  "session": 2,
  "train_start": 87600,
  "train_end": 131400,
  "test_start": 131400,
  "test_end": 175200
}