{
  "r2": {
    "solar_power": 0.9906072020530701,
    "wind_power": 0.9971281886100769
  },
  "mae": {
    "solar_power": 0.015692617744207382,
    "wind_power": 0.0024804992135614157
  },
  "rmse": {
    "solar_power": 0.026510405997940543,
    "wind_power": 0.0036498953865457015
  },
  "smape": {
    "solar_power": 112.68422603607178,
    "wind_power": 27.35343873500824
  },
  "avg_r2": 0.9938676953315735,
  "avg_mae": 0.009086558478884399,
  "avg_rmse": 0.015080150692243123,
  "avg_smape": 70.01883238554001,
  "session": 13,
  "train_start": 569400,
  "train_end": 613200,
  "test_start": 613200,
  "test_end": 657000,
  "training_time_seconds": 22.223941700009163,
  "inference_time_seconds": 12.77620989998104
}