{
  "r2": {
    "solar_power": 0.9905446767807007,
    "wind_power": 0.9970557689666748
  },
  "mae": {
    "solar_power": 0.015752483159303665,
    "wind_power": 0.0025075620505958796
  },
  "rmse": {
    "solar_power": 0.026598507303803913,
    "wind_power": 0.003695626656175922
  },
  "smape": {
    "solar_power": 112.6673698425293,
    "wind_power": 27.22305953502655
  },
  "avg_r2": 0.9938002228736877,
  "avg_mae": 0.009130022604949772,
  "avg_rmse": 0.015147066979989918,
  "avg_smape": 69.94521468877792,
  "session": 13,
  "train_start": 569400,
  "train_end": 613200,
  "test_start": 613200,
  "test_end": 657000
}