{
  "r2": {
    "solar_power": 0.9991600513458252,
    "wind_power": 0.9970141649246216
  },
  "mae": {
    "solar_power": 0.005036923103034496,
    "wind_power": 0.0019307656912133098
  },
  "rmse": {
    "solar_power": 0.008063744443947243,
    "wind_power": 0.00295814554350591
  },
  "smape": {
    "solar_power": 89.59127068519592,
    "wind_power": 25.757160782814026
  },
  "avg_r2": 0.9980871081352234,
  "avg_mae": 0.003483844397123903,
  "avg_rmse": 0.005510944993726577,
  "avg_smape": 57.674215734004974,
  "session": 16,
  "train_start": 700800,
  "train_end": 744600,
  "test_start": 744600,
  "test_end": 788400
}