{
  "r2": {
    "solar_power": 0.9925314784049988,
    "wind_power": 0.9883699417114258
  },
  "mae": {
    "solar_power": 0.015941444784402847,
    "wind_power": 0.0054461052641272545
  },
  "rmse": {
    "solar_power": 0.02431774212335192,
    "wind_power": 0.01066828293020809
  },
  "smape": {
    "solar_power": 101.4417290687561,
    "wind_power": 33.295074105262756
  },
  "avg_r2": 0.9904507100582123,
  "avg_mae": 0.010693775024265051,
  "avg_rmse": 0.017493012526780004,
  "avg_smape": 67.36840158700943,
  "session": 2,
  "train_start": 87600,
  "train_end": 131400,
  "test_start": 131400,
  "test_end": 175200
}