{
  "r2": {
    "solar_power": 0.9917436838150024,
    "wind_power": 0.992772102355957
  },
  "mae": {
    "solar_power": 0.0142741734161973,
    "wind_power": 0.0032469434663653374
  },
  "rmse": {
    "solar_power": 0.024854890639185483,
    "wind_power": 0.00579041171151462
  },
  "smape": {
    "solar_power": 111.09572649002075,
    "wind_power": 30.709081888198853
  },
  "avg_r2": 0.9922578930854797,
  "avg_mae": 0.008760558441281319,
  "avg_rmse": 0.015322651175350052,
  "avg_smape": 70.9024041891098,
  "session": 13,
  "train_start": 569400,
  "train_end": 613200,
  "test_start": 613200,
  "test_end": 657000,
  "training_time_seconds": 18.371266999980435,
  "inference_time_seconds": 0.33693140000104904
}