{
  "r2": {
    "solar_power": 0.9988691806793213,
    "wind_power": 0.992500364780426
  },
  "mae": {
    "solar_power": 0.00597253255546093,
    "wind_power": 0.0031699861865490675
  },
  "rmse": {
    "solar_power": 0.009356156892046842,
    "wind_power": 0.0046882022189498555
  },
  "smape": {
    "solar_power": 90.44528603553772,
    "wind_power": 39.75536525249481
  },
  "avg_r2": 0.9956847727298737,
  "avg_mae": 0.004571259371004999,
  "avg_rmse": 0.007022179555498349,
  "avg_smape": 65.10032564401627,
  "session": 16,
  "train_start": 700800,
  "train_end": 744600,
  "test_start": 744600,
  "test_end": 788400,
  "training_time_seconds": 22.705769199994393,
  "inference_time_seconds": 12.670521299995016
}