{
  "r2": {
    "solar_power": 0.9988510012626648,
    "wind_power": 0.9925166368484497
  },
  "mae": {
    "solar_power": 0.005995234474539757,
    "wind_power": 0.0031522302888333797
  },
  "rmse": {
    "solar_power": 0.009431011020896168,
    "wind_power": 0.004683125104023786
  },
  "smape": {
    "solar_power": 90.47551155090332,
    "wind_power": 39.114582538604736
  },
  "avg_r2": 0.9956838190555573,
  "avg_mae": 0.004573732381686568,
  "avg_rmse": 0.007057068062459977,
  "avg_smape": 64.79504704475403,
  "session": 16,
  "train_start": 700800,
  "train_end": 744600,
  "test_start": 744600,
  "test_end": 788400
}