{
  "r2": {
    "solar_power": 0.9940381050109863,
    "wind_power": 0.996600866317749
  },
  "mae": {
    "solar_power": 0.011184007860720158,
    "wind_power": 0.0041754404082894325
  },
  "rmse": {
    "solar_power": 0.02056324228717696,
    "wind_power": 0.006647172377524782
  },
  "smape": {
    "solar_power": 119.32940483093262,
    "wind_power": 32.702040672302246
  },
  "avg_r2": 0.9953194856643677,
  "avg_mae": 0.007679724134504795,
  "avg_rmse": 0.013605207332350872,
  "avg_smape": 76.01572275161743,
  "session": 24,
  "train_start": 1051200,
  "train_end": 1095000,
  "test_start": 1095000,
  "test_end": 1138800,
  "training_time_seconds": 22.200626600009855,
  "inference_time_seconds": 12.785168100032024
}