{
  "r2": {
    "solar_power": 0.9939510226249695,
    "wind_power": 0.9965696930885315
  },
  "mae": {
    "solar_power": 0.011289413087069988,
    "wind_power": 0.004178531933575869
  },
  "rmse": {
    "solar_power": 0.02071289847336494,
    "wind_power": 0.006677585341258233
  },
  "smape": {
    "solar_power": 119.25780773162842,
    "wind_power": 32.522815465927124
  },
  "avg_r2": 0.9952603578567505,
  "avg_mae": 0.007733972510322928,
  "avg_rmse": 0.013695241907311587,
  "avg_smape": 75.89031159877777,
  "session": 24,
  "train_start": 1051200,
  "train_end": 1095000,
  "test_start": 1095000,
  "test_end": 1138800
}