{
  "r2": {
    "solar_power": 0.9934309124946594,
    "wind_power": 0.9920845031738281
  },
  "mae": {
    "solar_power": 0.011311836540699005,
    "wind_power": 0.003110070712864399
  },
  "rmse": {
    "solar_power": 0.02047179883147853,
    "wind_power": 0.007871495396669918
  },
  "smape": {
    "solar_power": 116.21873378753662,
    "wind_power": 34.659162163734436
  },
  "avg_r2": 0.9927577078342438,
  "avg_mae": 0.007210953626781702,
  "avg_rmse": 0.014171647114074225,
  "avg_smape": 75.43894797563553,
  "session": 32,
  "train_start": 1401600,
  "train_end": 1445400,
  "test_start": 1445400,
  "test_end": 1489200
}