{
  "r2": {
    "solar_power": 0.9904873967170715,
    "wind_power": 0.9960007667541504
  },
  "mae": {
    "solar_power": 0.014641908928751945,
    "wind_power": 0.002823957707732916
  },
  "rmse": {
    "solar_power": 0.02552134536047869,
    "wind_power": 0.004834739774746559
  },
  "smape": {
    "solar_power": 111.85452938079834,
    "wind_power": 27.167856693267822
  },
  "avg_r2": 0.993244081735611,
  "avg_mae": 0.00873293331824243,
  "avg_rmse": 0.015178042567612625,
  "avg_smape": 69.51119303703308,
  "session": 1,
  "train_start": 43800,
  "train_end": 87600,
  "test_start": 87600,
  "test_end": 131400
}